Fixture ID,League,League Logo,League Flag,Date,Match Time,Home Team,Home Logo,Away Team,Away Logo,Home Score,Away Score,Status
1519390,Liga Pro,https://media.api-sports.io/football/leagues/242.png,https://media.api-sports.io/flags/ec.svg,2026-07-07,00:00,Orense SC,https://media.api-sports.io/football/teams/1992.png,Tecnico Universitario,https://media.api-sports.io/football/teams/1151.png,1,2,FT
1524855,USL League Two,https://media.api-sports.io/football/leagues/256.png,https://media.api-sports.io/flags/us.svg,2026-07-07,00:00,Rochester,https://media.api-sports.io/football/teams/21288.png,Minneapolis City,https://media.api-sports.io/football/teams/10069.png,0,4,FT
1526875,Serie C,https://media.api-sports.io/football/leagues/75.png,https://media.api-sports.io/flags/br.svg,2026-07-07,00:00,Amazonas,https://media.api-sports.io/football/teams/10862.png,AO Itabaiana,https://media.api-sports.io/football/teams/2204.png,0,2,FT
1570715,World Cup,https://media.api-sports.io/football/leagues/1.png,,2026-07-07,00:00,USA,https://media.api-sports.io/football/teams/2384.png,Belgium,https://media.api-sports.io/football/teams/1.png,1,4,FT
1525261,USL League Two,https://media.api-sports.io/football/leagues/256.png,https://media.api-sports.io/flags/us.svg,2026-07-07,00:30,Lonestar,https://media.api-sports.io/football/teams/25942.png,Hill Country Lobos,https://media.api-sports.io/football/teams/23118.png,4,4,FT
1525262,USL League Two,https://media.api-sports.io/football/leagues/256.png,https://media.api-sports.io/flags/us.svg,2026-07-07,02:30,Stars FC,https://media.api-sports.io/football/teams/25951.png,Tucson,https://media.api-sports.io/football/teams/4109.png,0,1,FT
1567559,Friendlies Clubs,https://media.api-sports.io/football/leagues/667.png,,2026-07-07,07:00,Arda Kardzhali,https://media.api-sports.io/football/teams/1430.png,Beitar Jerusalem,https://media.api-sports.io/football/teams/657.png,0,0,FT
1554755,Friendlies Clubs,https://media.api-sports.io/football/leagues/667.png,,2026-07-07,09:00,Podbeskidzie,https://media.api-sports.io/football/teams/3489.png,Baník Ostrava II,https://media.api-sports.io/football/teams/8621.png,2,1,FT
1554760,Friendlies Clubs,https://media.api-sports.io/football/leagues/667.png,,2026-07-07,09:00,Karviná,https://media.api-sports.io/football/teams/3716.png,Zemplín Michalovce,https://media.api-sports.io/football/teams/3552.png,2,1,FT
1524039,Queensland NPL,https://media.api-sports.io/football/leagues/482.png,https://media.api-sports.io/flags/au.svg,2026-07-07,09:30,Gold Coast Knights,https://media.api-sports.io/football/teams/10215.png,Lions,https://media.api-sports.io/football/teams/10217.png,2,1,FT
1537423,Capital Territory NPL,https://media.api-sports.io/football/leagues/189.png,https://media.api-sports.io/flags/au.svg,2026-07-07,09:30,Monaro Panthers,https://media.api-sports.io/football/teams/1453.png,Queanbeyan City,https://media.api-sports.io/football/teams/23519.png,2,1,FT
1523761,Northern NSW NPL,https://media.api-sports.io/football/leagues/481.png,https://media.api-sports.io/flags/au.svg,2026-07-07,10:00,Charlestown City Blues,https://media.api-sports.io/football/teams/10203.png,Weston Bears,https://media.api-sports.io/football/teams/10210.png,,,PST
1527320,South Australia State League 1,https://media.api-sports.io/football/leagues/834.png,https://media.api-sports.io/flags/au.svg,2026-07-07,10:00,The Cove,https://media.api-sports.io/football/teams/25459.png,Modbury Jets,https://media.api-sports.io/football/teams/10010.png,0,0,FT
1533718,WK-League,https://media.api-sports.io/football/leagues/660.png,https://media.api-sports.io/flags/kr.svg,2026-07-07,10:00,Hwacheon KSPO W,https://media.api-sports.io/football/teams/14376.png,Suwon FMC W,https://media.api-sports.io/football/teams/14379.png,1,2,FT
1560538,Friendlies Clubs,https://media.api-sports.io/football/leagues/667.png,,2026-07-07,10:00,Hvidovre,https://media.api-sports.io/football/teams/2072.png,Fremad Amager,https://media.api-sports.io/football/teams/2065.png,3,2,FT
1554762,Friendlies Clubs,https://media.api-sports.io/football/leagues/667.png,,2026-07-07,10:30,FC Viktoria Köln,https://media.api-sports.io/football/teams/1620.png,TSV Steinbach,https://media.api-sports.io/football/teams/1656.png,5,0,FT
1567560,Friendlies Clubs,https://media.api-sports.io/football/leagues/667.png,,2026-07-07,11:00,Dinamo Makhachkala,https://media.api-sports.io/football/teams/6813.png,Gimnasia L.P.,https://media.api-sports.io/football/teams/434.png,1,3,FT
1543593,Premier League,https://media.api-sports.io/football/leagues/1031.png,https://media.api-sports.io/flags/bt.svg,2026-07-07,12:00,Drukpa,https://media.api-sports.io/football/teams/27725.png,Thimphu,https://media.api-sports.io/football/teams/5591.png,1,2,FT
1554758,Friendlies Clubs,https://media.api-sports.io/football/leagues/667.png,,2026-07-07,12:00,Hannover 96,https://media.api-sports.io/football/teams/166.png,Phönix Lübeck,https://media.api-sports.io/football/teams/12831.png,3,1,FT
1554761,Friendlies Clubs,https://media.api-sports.io/football/leagues/667.png,,2026-07-07,12:00,Septemvri Sofia,https://media.api-sports.io/football/teams/856.png,Hebar 1918,https://media.api-sports.io/football/teams/4659.png,,,NS
1560541,Friendlies Clubs,https://media.api-sports.io/football/leagues/667.png,,2026-07-07,12:00,Brinje-Grosuplje,https://media.api-sports.io/football/teams/12744.png,Uta Arad,https://media.api-sports.io/football/teams/2589.png,,,NS
1562882,Friendlies Clubs,https://media.api-sports.io/football/leagues/667.png,,2026-07-07,12:00,Radnicki 1923,https://media.api-sports.io/football/teams/2644.png,Buducnost Podgorica,https://media.api-sports.io/football/teams/579.png,3,1,FT
1560540,Friendlies Clubs,https://media.api-sports.io/football/leagues/667.png,,2026-07-07,13:30,Dynamo,https://media.api-sports.io/football/teams/1088.png,FC Orenburg,https://media.api-sports.io/football/teams/1080.png,2,1,FT
1550527,Friendlies Clubs,https://media.api-sports.io/football/leagues/667.png,,2026-07-07,14:00,Pogoń Grod. Mazowiecki,https://media.api-sports.io/football/teams/14750.png,AS Trencin,https://media.api-sports.io/football/teams/655.png,1,1,FT
1560542,Friendlies Clubs,https://media.api-sports.io/football/leagues/667.png,,2026-07-07,14:00,VVV Venlo,https://media.api-sports.io/football/teams/204.png,Bochum II,https://media.api-sports.io/football/teams/24430.png,2,1,FT
1567561,Friendlies Clubs,https://media.api-sports.io/football/leagues/667.png,,2026-07-07,14:00,Obolon'-Brovar,https://media.api-sports.io/football/teams/3630.png,Lokomotiv Kyiv,https://media.api-sports.io/football/teams/21954.png,0,0,FT
1578548,UEFA U19 Championship - Women,https://media.api-sports.io/football/leagues/918.png,,2026-07-07,14:00,Spain U19 W,https://media.api-sports.io/football/teams/19066.png,Sweden U19 W,https://media.api-sports.io/football/teams/19067.png,3,0,FT
1527633,Premier League,https://media.api-sports.io/football/leagues/569.png,https://media.api-sports.io/flags/kg.svg,2026-07-07,14:30,Kara-Balta,https://media.api-sports.io/football/teams/12238.png,Talant,https://media.api-sports.io/football/teams/18731.png,0,0,FT
1527636,Premier League,https://media.api-sports.io/football/leagues/569.png,https://media.api-sports.io/flags/kg.svg,2026-07-07,14:30,Neftchi,https://media.api-sports.io/football/teams/12240.png,OshMU Aldier,https://media.api-sports.io/football/teams/21168.png,0,2,FT
1527638,Premier League,https://media.api-sports.io/football/leagues/569.png,https://media.api-sports.io/flags/kg.svg,2026-07-07,14:30,Asia Talas,https://media.api-sports.io/football/teams/27432.png,Abdish-Ata,https://media.api-sports.io/football/teams/12234.png,4,0,FT
1554757,Friendlies Clubs,https://media.api-sports.io/football/leagues/667.png,,2026-07-07,14:30,Fakel,https://media.api-sports.io/football/teams/1993.png,FC Rostov,https://media.api-sports.io/football/teams/779.png,3,1,FT
1562881,Friendlies Clubs,https://media.api-sports.io/football/leagues/667.png,,2026-07-07,14:30,Legia Warszawa,https://media.api-sports.io/football/teams/339.png,Hapoel Beer Sheva,https://media.api-sports.io/football/teams/563.png,3,1,FT
1554756,Friendlies Clubs,https://media.api-sports.io/football/leagues/667.png,,2026-07-07,15:00,CFR 1907 Cluj,https://media.api-sports.io/football/teams/2246.png,FC Noah,https://media.api-sports.io/football/teams/3684.png,1,1,FT
1554764,Friendlies Clubs,https://media.api-sports.io/football/leagues/667.png,,2026-07-07,15:00,Prostějov,https://media.api-sports.io/football/teams/3725.png,Frýdek-Místek,https://media.api-sports.io/football/teams/7288.png,,,CANC
1541710,Kakkonen - Lohko C,https://media.api-sports.io/football/leagues/249.png,https://media.api-sports.io/flags/fi.svg,2026-07-07,15:30,JBK,https://media.api-sports.io/football/teams/9192.png,Kraft,https://media.api-sports.io/football/teams/9213.png,4,2,FT
1554763,Friendlies Clubs,https://media.api-sports.io/football/leagues/667.png,,2026-07-07,15:30,Yantra 2019,https://media.api-sports.io/football/teams/8528.png,Spartak Pleven,https://media.api-sports.io/football/teams/1418.png,0,2,FT
1562883,Friendlies Clubs,https://media.api-sports.io/football/leagues/667.png,,2026-07-07,15:30,Železničar Pančevo,https://media.api-sports.io/football/teams/12360.png,CSKA 1948,https://media.api-sports.io/football/teams/1426.png,0,1,FT
1547918,Friendlies Clubs,https://media.api-sports.io/football/leagues/667.png,,2026-07-07,16:00,Plzen,https://media.api-sports.io/football/teams/567.png,FC Copenhagen,https://media.api-sports.io/football/teams/400.png,1,1,FT
1554361,UEFA Champions League,https://media.api-sports.io/football/leagues/2.png,,2026-07-07,16:00,Ararat-Armenia,https://media.api-sports.io/football/teams/3683.png,Riga,https://media.api-sports.io/football/teams/10124.png,2,0,FT
1554366,UEFA Champions League,https://media.api-sports.io/football/leagues/2.png,,2026-07-07,16:00,Kauno Žalgiris,https://media.api-sports.io/football/teams/3872.png,Drita,https://media.api-sports.io/football/teams/14281.png,1,1,FT
1554368,UEFA Champions League,https://media.api-sports.io/football/leagues/2.png,,2026-07-07,16:00,Lincoln Red Imps FC,https://media.api-sports.io/football/teams/667.png,Inter Club d'Escaldes,https://media.api-sports.io/football/teams/3342.png,3,1,FT
1554371,UEFA Champions League,https://media.api-sports.io/football/leagues/2.png,,2026-07-07,16:00,Sabah FA,https://media.api-sports.io/football/teams/13976.png,The New Saints,https://media.api-sports.io/football/teams/354.png,2,0,FT
1554759,Friendlies Clubs,https://media.api-sports.io/football/leagues/667.png,,2026-07-07,16:00,SV Horn,https://media.api-sports.io/football/teams/1397.png,Floridsdorfer AC,https://media.api-sports.io/football/teams/1395.png,0,0,FT
1554766,Friendlies Clubs,https://media.api-sports.io/football/leagues/667.png,,2026-07-07,16:00,Memmingen,https://media.api-sports.io/football/teams/9331.png,FC Lugano,https://media.api-sports.io/football/teams/606.png,0,4,FT
1554767,Friendlies Clubs,https://media.api-sports.io/football/leagues/667.png,,2026-07-07,16:00,Považská Bystrica,https://media.api-sports.io/football/teams/14062.png,Poprad,https://media.api-sports.io/football/teams/10539.png,,,CANC
1554768,Friendlies Clubs,https://media.api-sports.io/football/leagues/667.png,,2026-07-07,16:00,Roskilde,https://media.api-sports.io/football/teams/2067.png,AB Copenhagen,https://media.api-sports.io/football/teams/2060.png,1,1,FT
1554769,Friendlies Clubs,https://media.api-sports.io/football/leagues/667.png,,2026-07-07,16:00,Spišská Nová Ves,https://media.api-sports.io/football/teams/10555.png,Liptovský Mikuláš,https://media.api-sports.io/football/teams/10536.png,1,2,FT
1567562,Friendlies Clubs,https://media.api-sports.io/football/leagues/667.png,,2026-07-07,16:00,Garrel,https://media.api-sports.io/football/teams/23675.png,VfB Oldenburg,https://media.api-sports.io/football/teams/9347.png,0,7,FT
1567563,Friendlies Clubs,https://media.api-sports.io/football/leagues/667.png,,2026-07-07,16:00,Novi Pazar,https://media.api-sports.io/football/teams/2643.png,Zemun,https://media.api-sports.io/football/teams/2642.png,,,CANC
1567564,Friendlies Clubs,https://media.api-sports.io/football/leagues/667.png,,2026-07-07,16:00,PAOK,https://media.api-sports.io/football/teams/619.png,AEK Larnaca,https://media.api-sports.io/football/teams/614.png,3,2,FT
1567565,Friendlies Clubs,https://media.api-sports.io/football/leagues/667.png,,2026-07-07,16:00,Atletico San Luis,https://media.api-sports.io/football/teams/2314.png,Sporting San Jose,https://media.api-sports.io/football/teams/2047.png,4,0,FT
1576804,World Cup,https://media.api-sports.io/football/leagues/1.png,,2026-07-07,16:00,Argentina,https://media.api-sports.io/football/teams/26.png,Egypt,https://media.api-sports.io/football/teams/32.png,3,2,FT
1554765,Friendlies Clubs,https://media.api-sports.io/football/leagues/667.png,,2026-07-07,16:30,Grazer AK,https://media.api-sports.io/football/teams/4256.png,First Vienna,https://media.api-sports.io/football/teams/4990.png,2,4,FT
1554770,Friendlies Clubs,https://media.api-sports.io/football/leagues/667.png,,2026-07-07,16:30,Gundelfingen,https://media.api-sports.io/football/teams/19234.png,Augsburg II,https://media.api-sports.io/football/teams/9324.png,1,1,FT
1554771,Friendlies Clubs,https://media.api-sports.io/football/leagues/667.png,,2026-07-07,16:30,Dietkirchen,https://media.api-sports.io/football/teams/16099.png,FSV Frankfurt,https://media.api-sports.io/football/teams/1332.png,0,3,FT
1560543,Friendlies Clubs,https://media.api-sports.io/football/leagues/667.png,,2026-07-07,16:30,Schwarz-Weiß Bregenz,https://media.api-sports.io/football/teams/8259.png,Dornbirn,https://media.api-sports.io/football/teams/4255.png,4,0,FT
1554373,UEFA Champions League,https://media.api-sports.io/football/leagues/2.png,,2026-07-07,17:00,Vardar Skopje,https://media.api-sports.io/football/teams/574.png,KuPS,https://media.api-sports.io/football/teams/1165.png,0,2,FT
1554772,Friendlies Clubs,https://media.api-sports.io/football/leagues/667.png,,2026-07-07,17:00,Shelbourne,https://media.api-sports.io/football/teams/3854.png,Celtic,https://media.api-sports.io/football/teams/247.png,1,1,FT
1560539,Friendlies Clubs,https://media.api-sports.io/football/leagues/667.png,,2026-07-07,17:00,Buxton,https://media.api-sports.io/football/teams/7706.png,SC Braga,https://media.api-sports.io/football/teams/217.png,1,3,FT
1560544,Friendlies Clubs,https://media.api-sports.io/football/leagues/667.png,,2026-07-07,17:00,Meerssen,https://media.api-sports.io/football/teams/14508.png,MVV,https://media.api-sports.io/football/teams/412.png,2,1,FT
1560545,Friendlies Clubs,https://media.api-sports.io/football/leagues/667.png,,2026-07-07,17:00,Weiche Flensburg,https://media.api-sports.io/football/teams/1649.png,Rotenhof,https://media.api-sports.io/football/teams/24434.png,6,1,FT
1554410,UEFA Europa Conference League,https://media.api-sports.io/football/leagues/848.png,,2026-07-07,17:15,UNA Strassen,https://media.api-sports.io/football/teams/2036.png,La Fiorita,https://media.api-sports.io/football/teams/2249.png,1,0,FT
1546627,Friendlies Clubs,https://media.api-sports.io/football/leagues/667.png,,2026-07-07,17:30,VOC,https://media.api-sports.io/football/teams/19285.png,Sparta Rotterdam,https://media.api-sports.io/football/teams/426.png,0,4,FT
1548784,Friendlies Clubs,https://media.api-sports.io/football/leagues/667.png,,2026-07-07,17:30,Gemert,https://media.api-sports.io/football/teams/1230.png,Helmond Sport,https://media.api-sports.io/football/teams/424.png,1,1,FT
1554364,UEFA Champions League,https://media.api-sports.io/football/leagues/2.png,,2026-07-07,17:30,Floriana,https://media.api-sports.io/football/teams/4625.png,Shamrock Rovers,https://media.api-sports.io/football/teams/652.png,2,0,FT
1578543,Carioca C,https://media.api-sports.io/football/leagues/1106.png,https://media.api-sports.io/flags/br.svg,2026-07-07,17:45,Uni Souza,https://media.api-sports.io/football/teams/23641.png,Barra Mansa,https://media.api-sports.io/football/teams/17926.png,0,0,FT
1543932,Brasileiro U17,https://media.api-sports.io/football/leagues/1128.png,https://media.api-sports.io/flags/br.svg,2026-07-07,18:00,Athletico PR U17,https://media.api-sports.io/football/teams/24469.png,Botafogo U17,https://media.api-sports.io/football/teams/24473.png,4,2,FT
1543934,Brasileiro U17,https://media.api-sports.io/football/leagues/1128.png,https://media.api-sports.io/flags/br.svg,2026-07-07,18:00,Corinthians U17,https://media.api-sports.io/football/teams/24475.png,Palmeiras U17,https://media.api-sports.io/football/teams/24484.png,3,1,FT
1543937,Brasileiro U17,https://media.api-sports.io/football/leagues/1128.png,https://media.api-sports.io/flags/br.svg,2026-07-07,18:00,Fortaleza U17,https://media.api-sports.io/football/teams/24480.png,Atlético Mineiro U17,https://media.api-sports.io/football/teams/24471.png,1,1,FT
1543938,Brasileiro U17,https://media.api-sports.io/football/leagues/1128.png,https://media.api-sports.io/flags/br.svg,2026-07-07,18:00,Juventude U17,https://media.api-sports.io/football/teams/25797.png,Santos U17,https://media.api-sports.io/football/teams/24486.png,0,0,FT
1543940,Brasileiro U17,https://media.api-sports.io/football/leagues/1128.png,https://media.api-sports.io/flags/br.svg,2026-07-07,18:00,Vasco U17,https://media.api-sports.io/football/teams/25807.png,Fluminense U17,https://media.api-sports.io/football/teams/24479.png,1,1,FT
1546257,Brasiliense U20,https://media.api-sports.io/football/leagues/1100.png,https://media.api-sports.io/flags/br.svg,2026-07-07,18:00,Taguatinga U20,https://media.api-sports.io/football/teams/18353.png,Gama U20,https://media.api-sports.io/football/teams/12960.png,1,0,FT
1547335,Paulista - U20,https://media.api-sports.io/football/leagues/1086.png,https://media.api-sports.io/flags/br.svg,2026-07-07,18:00,Gremio Prudente U20,https://media.api-sports.io/football/teams/23475.png,Água Santa U20,https://media.api-sports.io/football/teams/13078.png,1,3,FT
1548785,Friendlies Clubs,https://media.api-sports.io/football/leagues/667.png,,2026-07-07,18:00,Cove Rangers,https://media.api-sports.io/football/teams/6763.png,Inverness CT,https://media.api-sports.io/football/teams/903.png,1,4,FT
1554389,UEFA Europa Conference League,https://media.api-sports.io/football/leagues/848.png,,2026-07-07,18:00,AF Elbasani,https://media.api-sports.io/football/teams/20406.png,Bate Borisov,https://media.api-sports.io/football/teams/388.png,1,1,FT
1578549,UEFA U19 Championship - Women,https://media.api-sports.io/football/leagues/918.png,,2026-07-07,18:00,Germany U19 W,https://media.api-sports.io/football/teams/19063.png,Austria U19 W,https://media.api-sports.io/football/teams/21270.png,1,0,AET
1562884,Friendlies Clubs,https://media.api-sports.io/football/leagues/667.png,,2026-07-07,18:15,Weston-super-Mare,https://media.api-sports.io/football/teams/4687.png,Bristol Rovers,https://media.api-sports.io/football/teams/1334.png,0,3,FT
1548786,Friendlies Clubs,https://media.api-sports.io/football/leagues/667.png,,2026-07-07,18:30,Airdrie United,https://media.api-sports.io/football/teams/4668.png,Falkirk,https://media.api-sports.io/football/teams/1389.png,1,2,FT
1548788,Friendlies Clubs,https://media.api-sports.io/football/leagues/667.png,,2026-07-07,18:30,Lossiemouth,https://media.api-sports.io/football/teams/7447.png,Nairn County,https://media.api-sports.io/football/teams/7448.png,,,NS
1550528,Friendlies Clubs,https://media.api-sports.io/football/leagues/667.png,,2026-07-07,18:30,Blyth Town,https://media.api-sports.io/football/teams/24334.png,Gateshead,https://media.api-sports.io/football/teams/1823.png,0,6,FT
1554362,UEFA Champions League,https://media.api-sports.io/football/leagues/2.png,,2026-07-07,18:30,Borac Banja Luka,https://media.api-sports.io/football/teams/3364.png,Levski Sofia,https://media.api-sports.io/football/teams/646.png,1,1,FT
1554372,UEFA Champions League,https://media.api-sports.io/football/leagues/2.png,,2026-07-07,18:30,Tre Fiori,https://media.api-sports.io/football/teams/2260.png,Larne,https://media.api-sports.io/football/teams/5354.png,0,1,FT
1554773,Friendlies Clubs,https://media.api-sports.io/football/leagues/667.png,,2026-07-07,18:30,Limavady United,https://media.api-sports.io/football/teams/11114.png,Coleraine FC,https://media.api-sports.io/football/teams/669.png,0,1,FT
1567558,Friendlies Clubs,https://media.api-sports.io/football/leagues/667.png,,2026-07-07,18:30,Bourneview Mill,https://media.api-sports.io/football/teams/20728.png,Portadown,https://media.api-sports.io/football/teams/5348.png,2,2,FT
1546628,Friendlies Clubs,https://media.api-sports.io/football/leagues/667.png,,2026-07-07,18:45,Bishop's Cleeve,https://media.api-sports.io/football/teams/8709.png,Forest Green,https://media.api-sports.io/football/teams/1378.png,1,3,FT
1546629,Friendlies Clubs,https://media.api-sports.io/football/leagues/667.png,,2026-07-07,18:45,Aveley,https://media.api-sports.io/football/teams/7207.png,Folkestone Invicta,https://media.api-sports.io/football/teams/7716.png,3,2,FT
1546630,Friendlies Clubs,https://media.api-sports.io/football/leagues/667.png,,2026-07-07,18:45,Dartford,https://media.api-sports.io/football/teams/4690.png,Ebbsfleet United,https://media.api-sports.io/football/teams/1840.png,2,1,FT
1547917,Friendlies Clubs,https://media.api-sports.io/football/leagues/667.png,,2026-07-07,18:45,East Kilbride,https://media.api-sports.io/football/teams/6765.png,Celtic II,https://media.api-sports.io/football/teams/16845.png,,,CANC
1547919,Friendlies Clubs,https://media.api-sports.io/football/leagues/667.png,,2026-07-07,18:45,Evesham United,https://media.api-sports.io/football/teams/7640.png,Redditch United,https://media.api-sports.io/football/teams/7741.png,1,2,FT
1548793,Friendlies Clubs,https://media.api-sports.io/football/leagues/667.png,,2026-07-07,18:45,Forfar Athletic,https://media.api-sports.io/football/teams/4250.png,Peterhead,https://media.api-sports.io/football/teams/6777.png,0,3,FT
1550530,Friendlies Clubs,https://media.api-sports.io/football/leagues/667.png,,2026-07-07,18:45,Dungannon Swifts,https://media.api-sports.io/football/teams/5351.png,Annagh United,https://media.api-sports.io/football/teams/11109.png,3,0,FT
1550531,Friendlies Clubs,https://media.api-sports.io/football/leagues/667.png,,2026-07-07,18:45,Hitchin Town,https://media.api-sports.io/football/teams/4682.png,Barnet,https://media.api-sports.io/football/teams/1369.png,0,2,FT
1554367,UEFA Champions League,https://media.api-sports.io/football/leagues/2.png,,2026-07-07,18:45,KI Klaksvik,https://media.api-sports.io/football/teams/701.png,Atert Bissen,https://media.api-sports.io/football/teams/15847.png,2,1,FT
1554774,Friendlies Clubs,https://media.api-sports.io/football/leagues/667.png,,2026-07-07,18:45,Ashford Town (Middlesex),https://media.api-sports.io/football/teams/7613.png,Farnborough,https://media.api-sports.io/football/teams/7715.png,0,1,FT
1554775,Friendlies Clubs,https://media.api-sports.io/football/leagues/667.png,,2026-07-07,18:45,Barry Town,https://media.api-sports.io/football/teams/361.png,Goytre AFC,https://media.api-sports.io/football/teams/2195.png,3,1,FT
1554776,Friendlies Clubs,https://media.api-sports.io/football/leagues/667.png,,2026-07-07,18:45,Vale of Leithen,https://media.api-sports.io/football/teams/7453.png,Gala Fairydean Rovers,https://media.api-sports.io/football/teams/7443.png,0,4,FT
1560546,Friendlies Clubs,https://media.api-sports.io/football/leagues/667.png,,2026-07-07,18:45,Bedford Town,https://media.api-sports.io/football/teams/7616.png,Aldershot Town,https://media.api-sports.io/football/teams/1818.png,0,0,FT
1554374,UEFA Champions League,https://media.api-sports.io/football/leagues/2.png,,2026-07-07,19:00,Vikingur Reykjavik,https://media.api-sports.io/football/teams/278.png,Gyori ETO FC,https://media.api-sports.io/football/teams/2402.png,1,0,FT
1554777,Friendlies Clubs,https://media.api-sports.io/football/leagues/667.png,,2026-07-07,19:00,Turriff United,https://media.api-sports.io/football/teams/7452.png,Aberdeen U21,https://media.api-sports.io/football/teams/6755.png,1,1,FT
1576805,World Cup,https://media.api-sports.io/football/leagues/1.png,,2026-07-07,20:00,Switzerland,https://media.api-sports.io/football/teams/15.png,Colombia,https://media.api-sports.io/football/teams/8.png,0,0,PEN
1525264,USL League Two,https://media.api-sports.io/football/leagues/256.png,https://media.api-sports.io/flags/us.svg,2026-07-07,22:00,West Virginia Alliance,https://media.api-sports.io/football/teams/4098.png,Louisville City II,https://media.api-sports.io/football/teams/10098.png,3,1,FT
1567833,Division Intermedia,https://media.api-sports.io/football/leagues/251.png,https://media.api-sports.io/flags/py.svg,2026-07-07,22:00,Atlético Tembetary,https://media.api-sports.io/football/teams/10474.png,Independiente F.b.c.,https://media.api-sports.io/football/teams/1186.png,2,2,FT
1525244,USL League Two,https://media.api-sports.io/football/leagues/256.png,https://media.api-sports.io/flags/us.svg,2026-07-07,22:30,Christos,https://media.api-sports.io/football/teams/9041.png,Loudoun 2,https://media.api-sports.io/football/teams/27520.png,3,4,FT
1520750,Serie B,https://media.api-sports.io/football/leagues/72.png,https://media.api-sports.io/flags/br.svg,2026-07-07,23:00,Athletic Club,https://media.api-sports.io/football/teams/13975.png,Operario-PR,https://media.api-sports.io/football/teams/1223.png,0,1,FT
1525263,USL League Two,https://media.api-sports.io/football/leagues/256.png,https://media.api-sports.io/flags/us.svg,2026-07-07,23:00,SF Glens,https://media.api-sports.io/football/teams/4077.png,Almaden,https://media.api-sports.io/football/teams/23109.png,0,2,FT
1525265,USL League Two,https://media.api-sports.io/football/leagues/256.png,https://media.api-sports.io/flags/us.svg,2026-07-07,23:00,AC Connecticut,https://media.api-sports.io/football/teams/4031.png,Western Mass Pioneers,https://media.api-sports.io/football/teams/4100.png,0,2,FT
1525266,USL League Two,https://media.api-sports.io/football/leagues/256.png,https://media.api-sports.io/flags/us.svg,2026-07-07,23:00,Akron City,https://media.api-sports.io/football/teams/23970.png,Pittsburgh Riverhounds 2,https://media.api-sports.io/football/teams/27521.png,4,0,FT
1525268,USL League Two,https://media.api-sports.io/football/leagues/256.png,https://media.api-sports.io/flags/us.svg,2026-07-07,23:00,New England FC,https://media.api-sports.io/football/teams/26064.png,Boston City,https://media.api-sports.io/football/teams/9071.png,4,2,FT
1525273,USL League Two,https://media.api-sports.io/football/leagues/256.png,https://media.api-sports.io/flags/us.svg,2026-07-07,23:00,Union Macomb,https://media.api-sports.io/football/teams/23125.png,AFC Ann Arbor,https://media.api-sports.io/football/teams/9065.png,2,2,FT
1525274,USL League Two,https://media.api-sports.io/football/leagues/256.png,https://media.api-sports.io/flags/us.svg,2026-07-07,23:00,Vermont Green,https://media.api-sports.io/football/teams/18912.png,Connecticut Rush,https://media.api-sports.io/football/teams/27514.png,6,2,FT
1538374,Primera División,https://media.api-sports.io/football/leagues/344.png,https://media.api-sports.io/flags/bo.svg,2026-07-07,23:00,Gualberto Villarroel SJ,https://media.api-sports.io/football/teams/22266.png,Real Tomayapo,https://media.api-sports.io/football/teams/15708.png,3,2,FT
1525276,USL League Two,https://media.api-sports.io/football/leagues/256.png,https://media.api-sports.io/flags/us.svg,2026-07-07,23:45,Hudson Valley Hammers,https://media.api-sports.io/football/teams/18897.png,FC Motown II,https://media.api-sports.io/football/teams/18894.png,0,5,FT
