Fixture ID,League,League Logo,League Flag,League Country,Date,Match Time,Home Team,Home Logo,Away Team,Away Logo,Home Score,Away Score,Status,Elapsed,Extra Time
1519384,Liga Pro,https://media.api-sports.io/football/leagues/242.png,https://media.api-sports.io/flags/ec.svg,Ecuador,2026-07-08,00:00,Aucas,https://media.api-sports.io/football/teams/1156.png,Guayaquil City FC,https://media.api-sports.io/football/teams/1159.png,1,0,FT,90,7
1525269,USL League Two,https://media.api-sports.io/football/leagues/256.png,https://media.api-sports.io/flags/us.svg,USA,2026-07-08,00:00,Springfield,https://media.api-sports.io/football/teams/25949.png,Des Moines Menace,https://media.api-sports.io/football/teams/4047.png,,,NS,,
1525270,USL League Two,https://media.api-sports.io/football/leagues/256.png,https://media.api-sports.io/flags/us.svg,USA,2026-07-08,00:00,Sunflower State,https://media.api-sports.io/football/teams/24029.png,Peoria,https://media.api-sports.io/football/teams/10101.png,1,3,FT,90,1
1525272,USL League Two,https://media.api-sports.io/football/leagues/256.png,https://media.api-sports.io/flags/us.svg,USA,2026-07-08,00:00,Texoma,https://media.api-sports.io/football/teams/25487.png,Denton Diablos,https://media.api-sports.io/football/teams/10066.png,3,2,FT,90,4
1513206,MLS Next Pro,https://media.api-sports.io/football/leagues/909.png,https://media.api-sports.io/flags/us.svg,USA,2026-07-08,01:00,Vancouver Whitecaps II,https://media.api-sports.io/football/teams/4028.png,Ventura County,https://media.api-sports.io/football/teams/3997.png,3,2,FT,90,
1525422,USL League Two,https://media.api-sports.io/football/leagues/256.png,https://media.api-sports.io/flags/us.svg,USA,2026-07-08,01:00,Real Colorado Foxes,https://media.api-sports.io/football/teams/13200.png,Albion Colorado,https://media.api-sports.io/football/teams/23108.png,2,3,FT,90,
1525275,USL League Two,https://media.api-sports.io/football/leagues/256.png,https://media.api-sports.io/flags/us.svg,USA,2026-07-08,01:30,Colorado Storm,https://media.api-sports.io/football/teams/25954.png,Unión Villa Krause,https://media.api-sports.io/football/teams/3961.png,,,NS,,
1513197,MLS Next Pro,https://media.api-sports.io/football/leagues/909.png,https://media.api-sports.io/flags/us.svg,USA,2026-07-08,02:00,The Town,https://media.api-sports.io/football/teams/18816.png,Sporting KC II,https://media.api-sports.io/football/teams/4019.png,6,1,FT,90,
1525271,USL League Two,https://media.api-sports.io/football/leagues/256.png,https://media.api-sports.io/flags/us.svg,USA,2026-07-08,02:00,Tacoma Stars,https://media.api-sports.io/football/teams/23124.png,Midlakes United,https://media.api-sports.io/football/teams/23120.png,2,1,FT,90,1
1525130,USL League Two,https://media.api-sports.io/football/leagues/256.png,https://media.api-sports.io/flags/us.svg,USA,2026-07-08,02:30,Capo,https://media.api-sports.io/football/teams/20963.png,Seahorses,https://media.api-sports.io/football/teams/4083.png,,,NS,,
1532759,League Two,https://media.api-sports.io/football/leagues/929.png,https://media.api-sports.io/flags/cn.svg,China,2026-07-08,08:00,Xi'an Ronghai,https://media.api-sports.io/football/teams/20674.png,Dalian Kewei,https://media.api-sports.io/football/teams/27620.png,,,NS,,
1554779,Friendlies Clubs,https://media.api-sports.io/football/leagues/667.png,,World,2026-07-08,08:30,Lyon,https://media.api-sports.io/football/teams/80.png,Mâcon,https://media.api-sports.io/football/teams/3277.png,,,NS,,
1550532,Friendlies Clubs,https://media.api-sports.io/football/leagues/667.png,,World,2026-07-08,09:00,Teplice,https://media.api-sports.io/football/teams/3720.png,Táborsko,https://media.api-sports.io/football/teams/3726.png,,,NS,,
1550533,Friendlies Clubs,https://media.api-sports.io/football/leagues/667.png,,World,2026-07-08,09:00,Zaglebie Lubin,https://media.api-sports.io/football/teams/345.png,Baník Ostrava,https://media.api-sports.io/football/teams/3713.png,,,NS,,
1554780,Friendlies Clubs,https://media.api-sports.io/football/leagues/667.png,,World,2026-07-08,09:00,Servette FC,https://media.api-sports.io/football/teams/2184.png,Stade Lausanne-Ouchy,https://media.api-sports.io/football/teams/4269.png,,,NS,,
1554781,Friendlies Clubs,https://media.api-sports.io/football/leagues/667.png,,World,2026-07-08,09:00,Zlin,https://media.api-sports.io/football/teams/603.png,Hapoel Tel Aviv,https://media.api-sports.io/football/teams/4501.png,,,NS,,
1554794,Friendlies Clubs,https://media.api-sports.io/football/leagues/667.png,,World,2026-07-08,09:00,Tychy 71,https://media.api-sports.io/football/teams/3495.png,Sparta Katowice,https://media.api-sports.io/football/teams/22910.png,,,NS,,
1560547,Friendlies Clubs,https://media.api-sports.io/football/leagues/667.png,,World,2026-07-08,09:00,Budapest Honved,https://media.api-sports.io/football/teams/576.png,Soroksar,https://media.api-sports.io/football/teams/2404.png,,,NS,,
1562885,Friendlies Clubs,https://media.api-sports.io/football/leagues/667.png,,World,2026-07-08,09:00,Schalke 04 II,https://media.api-sports.io/football/teams/9373.png,Preußen Münster II,https://media.api-sports.io/football/teams/14753.png,,,NS,,
1554790,Friendlies Clubs,https://media.api-sports.io/football/leagues/667.png,,World,2026-07-08,09:30,Pogon Szczecin,https://media.api-sports.io/football/teams/348.png,Chrobry Głogów,https://media.api-sports.io/football/teams/3483.png,,,NS,,
1543594,Premier League,https://media.api-sports.io/football/leagues/1031.png,https://media.api-sports.io/flags/bt.svg,Bhutan,2026-07-08,10:00,Paro,https://media.api-sports.io/football/teams/9426.png,Tensung,https://media.api-sports.io/football/teams/5590.png,,,NS,,
1550534,Friendlies Clubs,https://media.api-sports.io/football/leagues/667.png,,World,2026-07-08,10:00,Aalborg,https://media.api-sports.io/football/teams/402.png,Randers FC,https://media.api-sports.io/football/teams/401.png,,,NS,,
1550535,Friendlies Clubs,https://media.api-sports.io/football/leagues/667.png,,World,2026-07-08,10:00,Aarhus Fremad,https://media.api-sports.io/football/teams/6004.png,Silkeborg,https://media.api-sports.io/football/teams/2073.png,,,NS,,
1547922,Friendlies Clubs,https://media.api-sports.io/football/leagues/667.png,,World,2026-07-08,11:00,Piast Gliwice,https://media.api-sports.io/football/teams/349.png,Miedz Legnica,https://media.api-sports.io/football/teams/335.png,,,NS,,
1532768,League Two,https://media.api-sports.io/football/leagues/929.png,https://media.api-sports.io/flags/cn.svg,China,2026-07-08,11:30,Langfang Glory City,https://media.api-sports.io/football/teams/23270.png,Jiangxi Liansheng,https://media.api-sports.io/football/teams/5665.png,,,NS,,
1547920,Friendlies Clubs,https://media.api-sports.io/football/leagues/667.png,,World,2026-07-08,12:00,FC Basel 1893,https://media.api-sports.io/football/teams/551.png,Yverdon Sport,https://media.api-sports.io/football/teams/6653.png,,,NS,,
1548790,Friendlies Clubs,https://media.api-sports.io/football/leagues/667.png,,World,2026-07-08,12:00,Górnik Łęczna,https://media.api-sports.io/football/teams/6941.png,Hetman Zamosc,https://media.api-sports.io/football/teams/12789.png,,,NS,,
1550536,Friendlies Clubs,https://media.api-sports.io/football/leagues/667.png,,World,2026-07-08,12:00,Zulte Waregem,https://media.api-sports.io/football/teams/600.png,Raków Częstochowa,https://media.api-sports.io/football/teams/3491.png,,,NS,,
1554786,Friendlies Clubs,https://media.api-sports.io/football/leagues/667.png,,World,2026-07-08,12:00,Chojniczanka Chojnice,https://media.api-sports.io/football/teams/3482.png,Polonia Środa,https://media.api-sports.io/football/teams/6948.png,,,NS,,
1554788,Friendlies Clubs,https://media.api-sports.io/football/leagues/667.png,,World,2026-07-08,12:00,Hannover 96 II,https://media.api-sports.io/football/teams/9341.png,BSG Chemie Leipzig,https://media.api-sports.io/football/teams/1651.png,,,NS,,
1554796,Friendlies Clubs,https://media.api-sports.io/football/leagues/667.png,,World,2026-07-08,12:00,Zawisza Bydgoszcz,https://media.api-sports.io/football/teams/13843.png,Lechia Zielona Góra,https://media.api-sports.io/football/teams/14143.png,,,CANC,,
1560548,Friendlies Clubs,https://media.api-sports.io/football/leagues/667.png,,World,2026-07-08,12:00,Kolding IF,https://media.api-sports.io/football/teams/4676.png,Vendsyssel FF,https://media.api-sports.io/football/teams/399.png,,,NS,,
1560549,Friendlies Clubs,https://media.api-sports.io/football/leagues/667.png,,World,2026-07-08,12:00,NEC Nijmegen,https://media.api-sports.io/football/teams/413.png,MSV Duisburg,https://media.api-sports.io/football/teams/187.png,,,NS,,
1567566,Friendlies Clubs,https://media.api-sports.io/football/leagues/667.png,,World,2026-07-08,12:00,Oleksandria,https://media.api-sports.io/football/teams/3619.png,Inhulets,https://media.api-sports.io/football/teams/3625.png,,,NS,,
1567567,Friendlies Clubs,https://media.api-sports.io/football/leagues/667.png,,World,2026-07-08,12:00,Świt Skolwin,https://media.api-sports.io/football/teams/12902.png,Kluczevia Stargard,https://media.api-sports.io/football/teams/17398.png,,,NS,,
1554783,Friendlies Clubs,https://media.api-sports.io/football/leagues/667.png,,World,2026-07-08,12:30,SV Babelsberg 03,https://media.api-sports.io/football/teams/1622.png,Hamburger SV II,https://media.api-sports.io/football/teams/9340.png,,,NS,,
1554787,Friendlies Clubs,https://media.api-sports.io/football/leagues/667.png,,World,2026-07-08,13:00,Genk,https://media.api-sports.io/football/teams/742.png,SK Beveren,https://media.api-sports.io/football/teams/738.png,,,NS,,
1554797,Friendlies Clubs,https://media.api-sports.io/football/leagues/667.png,,World,2026-07-08,13:00,FC Gutersloh,https://media.api-sports.io/football/teams/14485.png,Arminia Bielefeld,https://media.api-sports.io/football/teams/188.png,,,NS,,
1567322,Cearense U20,https://media.api-sports.io/football/leagues/1112.png,https://media.api-sports.io/flags/br.svg,Brazil,2026-07-08,13:00,Anjos do Céu U20,https://media.api-sports.io/football/teams/26054.png,Alianca U20,https://media.api-sports.io/football/teams/23720.png,,,NS,,
1581823,Ligi kuu Bara,https://media.api-sports.io/football/leagues/567.png,https://media.api-sports.io/flags/tz.svg,Tanzania,2026-07-08,13:00,Tanzania Prisons,https://media.api-sports.io/football/teams/12202.png,Mbeya City,https://media.api-sports.io/football/teams/12194.png,,,NS,,
1582359,UEFA U19 Championship,https://media.api-sports.io/football/leagues/493.png,,World,2026-07-08,13:00,Denmark U19,https://media.api-sports.io/football/teams/10331.png,Italy U19,https://media.api-sports.io/football/teams/10338.png,,,NS,,
1527632,Premier League,https://media.api-sports.io/football/leagues/569.png,https://media.api-sports.io/flags/kg.svg,Kyrgyzstan,2026-07-08,14:00,Ilbirs,https://media.api-sports.io/football/teams/12236.png,Ozgon,https://media.api-sports.io/football/teams/25767.png,,,NS,,
1527635,Premier League,https://media.api-sports.io/football/leagues/569.png,https://media.api-sports.io/flags/kg.svg,Kyrgyzstan,2026-07-08,14:00,Asiagoal,https://media.api-sports.io/football/teams/25764.png,Bars,https://media.api-sports.io/football/teams/25765.png,,,NS,,
1527639,Premier League,https://media.api-sports.io/football/leagues/569.png,https://media.api-sports.io/flags/kg.svg,Kyrgyzstan,2026-07-08,14:00,Bishkek City,https://media.api-sports.io/football/teams/25766.png,Muras United,https://media.api-sports.io/football/teams/21167.png,,,NS,,
1554792,Friendlies Clubs,https://media.api-sports.io/football/leagues/667.png,,World,2026-07-08,14:00,Slovácko,https://media.api-sports.io/football/teams/3719.png,Zorya Luhansk,https://media.api-sports.io/football/teams/599.png,,,NS,,
1554798,Friendlies Clubs,https://media.api-sports.io/football/leagues/667.png,,World,2026-07-08,14:00,Farul Constanta,https://media.api-sports.io/football/teams/2596.png,Cherno More Varna,https://media.api-sports.io/football/teams/851.png,,,NS,,
1527634,Premier League,https://media.api-sports.io/football/leagues/569.png,https://media.api-sports.io/flags/kg.svg,Kyrgyzstan,2026-07-08,14:30,Alay,https://media.api-sports.io/football/teams/8022.png,Toktogul,https://media.api-sports.io/football/teams/27550.png,,,NS,,
1527637,Premier League,https://media.api-sports.io/football/leagues/569.png,https://media.api-sports.io/flags/kg.svg,Kyrgyzstan,2026-07-08,14:30,Alga,https://media.api-sports.io/football/teams/12235.png,Dordoi Bishkek,https://media.api-sports.io/football/teams/8026.png,,,NS,,
1547925,Friendlies Clubs,https://media.api-sports.io/football/leagues/667.png,,World,2026-07-08,15:00,Maccabi Haifa,https://media.api-sports.io/football/teams/4195.png,Paks,https://media.api-sports.io/football/teams/2390.png,,,NS,,
1547926,Friendlies Clubs,https://media.api-sports.io/football/leagues/667.png,,World,2026-07-08,15:00,Opava,https://media.api-sports.io/football/teams/3717.png,Unie Hlubina,https://media.api-sports.io/football/teams/7368.png,,,NS,,
1550537,Friendlies Clubs,https://media.api-sports.io/football/leagues/667.png,,World,2026-07-08,15:00,Komárno,https://media.api-sports.io/football/teams/10535.png,Lokomotíva Zvolen,https://media.api-sports.io/football/teams/10552.png,,,NS,,
1554365,UEFA Champions League,https://media.api-sports.io/football/leagues/2.png,,World,2026-07-08,15:00,Kairat Almaty,https://media.api-sports.io/football/teams/664.png,Sutjeska,https://media.api-sports.io/football/teams/673.png,,,NS,,
1554785,Friendlies Clubs,https://media.api-sports.io/football/leagues/667.png,,World,2026-07-08,15:00,Cherno More Varna,https://media.api-sports.io/football/teams/851.png,Dobrudzha,https://media.api-sports.io/football/teams/1427.png,,,NS,,
1554791,Friendlies Clubs,https://media.api-sports.io/football/leagues/667.png,,World,2026-07-08,15:00,Rilski Sportist,https://media.api-sports.io/football/teams/8547.png,Lokomotiv Plovdiv,https://media.api-sports.io/football/teams/858.png,,,NS,,
1554795,Friendlies Clubs,https://media.api-sports.io/football/leagues/667.png,,World,2026-07-08,15:00,Vasas,https://media.api-sports.io/football/teams/675.png,Kisvarda FC,https://media.api-sports.io/football/teams/2394.png,,,NS,,
1560551,Friendlies Clubs,https://media.api-sports.io/football/leagues/667.png,,World,2026-07-08,15:00,Lipany,https://media.api-sports.io/football/teams/10548.png,Humenné,https://media.api-sports.io/football/teams/14068.png,,,NS,,
1562886,Friendlies Clubs,https://media.api-sports.io/football/leagues/667.png,,World,2026-07-08,15:00,TSV Hartberg,https://media.api-sports.io/football/teams/1072.png,Zbrojovka Brno,https://media.api-sports.io/football/teams/3733.png,,,NS,,
1567568,Friendlies Clubs,https://media.api-sports.io/football/leagues/667.png,,World,2026-07-08,15:00,Boulogne,https://media.api-sports.io/football/teams/1299.png,Versailles,https://media.api-sports.io/football/teams/3131.png,,,NS,,
1567569,Friendlies Clubs,https://media.api-sports.io/football/leagues/667.png,,World,2026-07-08,15:00,Žilina II,https://media.api-sports.io/football/teams/10546.png,Třinec,https://media.api-sports.io/football/teams/3727.png,,,NS,,
1541749,Kakkonen - Lohko C,https://media.api-sports.io/football/leagues/249.png,https://media.api-sports.io/flags/fi.svg,Finland,2026-07-08,15:30,Jaro 2,https://media.api-sports.io/football/teams/27701.png,SJK-juniorit,https://media.api-sports.io/football/teams/18609.png,,,NS,,
1547924,Friendlies Clubs,https://media.api-sports.io/football/leagues/667.png,,World,2026-07-08,15:30,FSV Zwickau,https://media.api-sports.io/football/teams/1315.png,Greuther Fürth II,https://media.api-sports.io/football/teams/9328.png,,,NS,,
1548789,Friendlies Clubs,https://media.api-sports.io/football/leagues/667.png,,World,2026-07-08,15:30,Rapid,https://media.api-sports.io/football/teams/6231.png,FK Košice,https://media.api-sports.io/football/teams/10534.png,,,NS,,
1554784,Friendlies Clubs,https://media.api-sports.io/football/leagues/667.png,,World,2026-07-08,15:30,Celje,https://media.api-sports.io/football/teams/4360.png,MTK Budapest,https://media.api-sports.io/football/teams/2396.png,,,NS,,
1560550,Friendlies Clubs,https://media.api-sports.io/football/leagues/667.png,,World,2026-07-08,15:30,Spartak Varna,https://media.api-sports.io/football/teams/4660.png,Nesebar,https://media.api-sports.io/football/teams/1410.png,,,NS,,
1567570,Friendlies Clubs,https://media.api-sports.io/football/leagues/667.png,,World,2026-07-08,15:30,NK Slaven Belupo,https://media.api-sports.io/football/teams/1018.png,Csikszereda,https://media.api-sports.io/football/teams/6230.png,,,NS,,
1567571,Friendlies Clubs,https://media.api-sports.io/football/leagues/667.png,,World,2026-07-08,15:30,Słowianin,https://media.api-sports.io/football/teams/26183.png,Karkonosze Jelenia Góra,https://media.api-sports.io/football/teams/17402.png,,,NS,,
1582360,UEFA U19 Championship,https://media.api-sports.io/football/leagues/493.png,,World,2026-07-08,15:30,Spain U19,https://media.api-sports.io/football/teams/10349.png,Croatia U19,https://media.api-sports.io/football/teams/10329.png,,,NS,,
1546631,Friendlies Clubs,https://media.api-sports.io/football/leagues/667.png,,World,2026-07-08,16:00,Austria Vienna,https://media.api-sports.io/football/teams/601.png,Dunajska Streda,https://media.api-sports.io/football/teams/2257.png,,,NS,,
1547921,Friendlies Clubs,https://media.api-sports.io/football/leagues/667.png,,World,2026-07-08,16:00,Nyiregyhaza,https://media.api-sports.io/football/teams/2403.png,Cigand SE,https://media.api-sports.io/football/teams/2419.png,,,NS,,
1550538,Friendlies Clubs,https://media.api-sports.io/football/leagues/667.png,,World,2026-07-08,16:00,Karlsruhe II,https://media.api-sports.io/football/teams/26166.png,FC 08 Homburg,https://media.api-sports.io/football/teams/1634.png,,,NS,,
1554363,UEFA Champions League,https://media.api-sports.io/football/leagues/2.png,,World,2026-07-08,16:00,Flora Tallinn,https://media.api-sports.io/football/teams/687.png,Saburtalo,https://media.api-sports.io/football/teams/3502.png,,,NS,,
1554414,UEFA Europa Conference League,https://media.api-sports.io/football/leagues/848.png,,World,2026-07-08,16:00,Zira,https://media.api-sports.io/football/teams/648.png,Torpedo Kutaisi,https://media.api-sports.io/football/teams/685.png,,,NS,,
1554778,Friendlies Clubs,https://media.api-sports.io/football/leagues/667.png,,World,2026-07-08,16:00,Raków Częstochowa,https://media.api-sports.io/football/teams/3491.png,Olympiakos Piraeus,https://media.api-sports.io/football/teams/553.png,,,NS,,
1554789,Friendlies Clubs,https://media.api-sports.io/football/leagues/667.png,,World,2026-07-08,16:00,FK Jablonec,https://media.api-sports.io/football/teams/1122.png,Pafos,https://media.api-sports.io/football/teams/3403.png,,,NS,,
1554793,Friendlies Clubs,https://media.api-sports.io/football/leagues/667.png,,World,2026-07-08,16:00,Sturm Graz,https://media.api-sports.io/football/teams/637.png,Kalsdorf,https://media.api-sports.io/football/teams/4946.png,,,NS,,
1554799,Friendlies Clubs,https://media.api-sports.io/football/leagues/667.png,,World,2026-07-08,16:00,Eintracht Braunschw. II,https://media.api-sports.io/football/teams/24467.png,Schöningen,https://media.api-sports.io/football/teams/19475.png,,,NS,,
1554800,Friendlies Clubs,https://media.api-sports.io/football/leagues/667.png,,World,2026-07-08,16:00,Germania Ober-Roden,https://media.api-sports.io/football/teams/17518.png,Kickers Offenbach,https://media.api-sports.io/football/teams/1628.png,,,NS,,
1554801,Friendlies Clubs,https://media.api-sports.io/football/leagues/667.png,,World,2026-07-08,16:00,Eltersdorf,https://media.api-sports.io/football/teams/12762.png,SpVgg Greuther Fürth,https://media.api-sports.io/football/teams/178.png,,,NS,,
1554802,Friendlies Clubs,https://media.api-sports.io/football/leagues/667.png,,World,2026-07-08,16:00,Siedenbollentin,https://media.api-sports.io/football/teams/22909.png,Greifswalder FC,https://media.api-sports.io/football/teams/16118.png,,,NS,,
1554803,Friendlies Clubs,https://media.api-sports.io/football/leagues/667.png,,World,2026-07-08,16:00,Zenit,https://media.api-sports.io/football/teams/596.png,Neftchi,https://media.api-sports.io/football/teams/4217.png,,,NS,,
1560552,Friendlies Clubs,https://media.api-sports.io/football/leagues/667.png,,World,2026-07-08,16:00,FC Lok Stendal,https://media.api-sports.io/football/teams/1654.png,BFC Dynamo,https://media.api-sports.io/football/teams/1636.png,,,NS,,
1547927,Friendlies Clubs,https://media.api-sports.io/football/leagues/667.png,,World,2026-07-08,16:30,Anker Wismar,https://media.api-sports.io/football/teams/13946.png,Hansa Rostock,https://media.api-sports.io/football/teams/1321.png,,,NS,,
1548791,Friendlies Clubs,https://media.api-sports.io/football/leagues/667.png,,World,2026-07-08,16:30,Aubel,https://media.api-sports.io/football/teams/8456.png,Standard Liege,https://media.api-sports.io/football/teams/733.png,,,NS,,
1550539,Friendlies Clubs,https://media.api-sports.io/football/leagues/667.png,,World,2026-07-08,16:30,Erzgebirge Aue,https://media.api-sports.io/football/teams/190.png,VfL Halle,https://media.api-sports.io/football/teams/14812.png,,,NS,,
1550540,Friendlies Clubs,https://media.api-sports.io/football/leagues/667.png,,World,2026-07-08,16:30,SG Sonnenhof Grossaspach,https://media.api-sports.io/football/teams/1317.png,CFR Pforzheim,https://media.api-sports.io/football/teams/1659.png,,,NS,,
1554804,Friendlies Clubs,https://media.api-sports.io/football/leagues/667.png,,World,2026-07-08,16:30,Altglienicke,https://media.api-sports.io/football/teams/9349.png,Union Klosterfelde,https://media.api-sports.io/football/teams/22912.png,,,NS,,
1554805,Friendlies Clubs,https://media.api-sports.io/football/leagues/667.png,,World,2026-07-08,16:30,Lichtenberg,https://media.api-sports.io/football/teams/9354.png,Hertha BSC,https://media.api-sports.io/football/teams/159.png,,,NS,,
1560553,Friendlies Clubs,https://media.api-sports.io/football/leagues/667.png,,World,2026-07-08,16:30,Luckenwalde,https://media.api-sports.io/football/teams/12809.png,Optik Rathenow,https://media.api-sports.io/football/teams/9356.png,,,NS,,
1546632,Friendlies Clubs,https://media.api-sports.io/football/leagues/667.png,,World,2026-07-08,17:00,Kornburg,https://media.api-sports.io/football/teams/19759.png,1. FC Nürnberg,https://media.api-sports.io/football/teams/171.png,,,NS,,
1546633,Friendlies Clubs,https://media.api-sports.io/football/leagues/667.png,,World,2026-07-08,17:00,NAC Breda,https://media.api-sports.io/football/teams/203.png,FC Eindhoven,https://media.api-sports.io/football/teams/422.png,,,NS,,
1550541,Friendlies Clubs,https://media.api-sports.io/football/leagues/667.png,,World,2026-07-08,17:00,GO Ahead Eagles,https://media.api-sports.io/football/teams/410.png,Almere City FC,https://media.api-sports.io/football/teams/419.png,,,NS,,
1554369,UEFA Champions League,https://media.api-sports.io/football/leagues/2.png,,World,2026-07-08,17:00,ML Vitebsk,https://media.api-sports.io/football/teams/7808.png,Universitatea Craiova,https://media.api-sports.io/football/teams/632.png,,,NS,,
1554370,UEFA Champions League,https://media.api-sports.io/football/leagues/2.png,,World,2026-07-08,17:00,Petrocub,https://media.api-sports.io/football/teams/2271.png,Egnatia Rrogozhinë,https://media.api-sports.io/football/teams/3327.png,,,NS,,
1554782,Friendlies Clubs,https://media.api-sports.io/football/leagues/667.png,,World,2026-07-08,17:00,ASC Dortmund,https://media.api-sports.io/football/teams/12726.png,Borussia Dortmund II,https://media.api-sports.io/football/teams/9367.png,,,NS,,
1554806,Friendlies Clubs,https://media.api-sports.io/football/leagues/667.png,,World,2026-07-08,17:00,Bersenbrück,https://media.api-sports.io/football/teams/14635.png,HSC Hannover,https://media.api-sports.io/football/teams/9339.png,,,NS,,
1554807,Friendlies Clubs,https://media.api-sports.io/football/leagues/667.png,,World,2026-07-08,17:00,Heracles,https://media.api-sports.io/football/teams/206.png,Groningen,https://media.api-sports.io/football/teams/202.png,,,NS,,
1554808,Friendlies Clubs,https://media.api-sports.io/football/leagues/667.png,,World,2026-07-08,17:00,Tasmania Berlin,https://media.api-sports.io/football/teams/12874.png,Reinickendorfer Fuchse,https://media.api-sports.io/football/teams/17141.png,,,NS,,
1554809,Friendlies Clubs,https://media.api-sports.io/football/leagues/667.png,,World,2026-07-08,17:00,Wiedenbrück,https://media.api-sports.io/football/teams/12897.png,Hiltrup,https://media.api-sports.io/football/teams/14704.png,,,NS,,
1554393,UEFA Europa Conference League,https://media.api-sports.io/football/leagues/848.png,,World,2026-07-08,17:30,GAP Connah S Quay FC,https://media.api-sports.io/football/teams/357.png,Ballkani,https://media.api-sports.io/football/teams/12733.png,,,NS,,
1554395,UEFA Europa Conference League,https://media.api-sports.io/football/leagues/848.png,,World,2026-07-08,17:30,FC Differdange 03,https://media.api-sports.io/football/teams/684.png,Ilves,https://media.api-sports.io/football/teams/1163.png,,,NS,,
1554810,Friendlies Clubs,https://media.api-sports.io/football/leagues/667.png,,World,2026-07-08,17:30,Admira Wacker,https://media.api-sports.io/football/teams/1023.png,Fenerbahçe,https://media.api-sports.io/football/teams/611.png,,,NS,,
1554811,Friendlies Clubs,https://media.api-sports.io/football/leagues/667.png,,World,2026-07-08,17:30,SC St. Tönis,https://media.api-sports.io/football/teams/19466.png,Fortuna Düsseldorf,https://media.api-sports.io/football/teams/158.png,,,NS,,
1554812,Friendlies Clubs,https://media.api-sports.io/football/leagues/667.png,,World,2026-07-08,17:30,Spartak Moscow,https://media.api-sports.io/football/teams/558.png,Rubin,https://media.api-sports.io/football/teams/1083.png,,,NS,,
1560418,Copa Rio,https://media.api-sports.io/football/leagues/1035.png,https://media.api-sports.io/flags/br.svg,Brazil,2026-07-08,17:45,CEAC / Araruama,https://media.api-sports.io/football/teams/20006.png,São Cristóvão RJ,https://media.api-sports.io/football/teams/23664.png,,,NS,,
1540190,Cearense U20,https://media.api-sports.io/football/leagues/1112.png,https://media.api-sports.io/flags/br.svg,Brazil,2026-07-08,18:00,Ceará U20,https://media.api-sports.io/football/teams/12956.png,Fortaleza U20,https://media.api-sports.io/football/teams/13009.png,,,NS,,
1541992,Catarinense - 2,https://media.api-sports.io/football/leagues/936.png,https://media.api-sports.io/flags/br.svg,Brazil,2026-07-08,18:00,Blumenau,https://media.api-sports.io/football/teams/19635.png,Juventus SC,https://media.api-sports.io/football/teams/12912.png,,,NS,,
1543931,Brasileiro U17,https://media.api-sports.io/football/leagues/1128.png,https://media.api-sports.io/flags/br.svg,Brazil,2026-07-08,18:00,America MG U17,https://media.api-sports.io/football/teams/24468.png,Atletico GO U17,https://media.api-sports.io/football/teams/24470.png,,,NS,,
1543933,Brasileiro U17,https://media.api-sports.io/football/leagues/1128.png,https://media.api-sports.io/flags/br.svg,Brazil,2026-07-08,18:00,Bahia U17,https://media.api-sports.io/football/teams/24472.png,Gremio U17,https://media.api-sports.io/football/teams/24482.png,,,NS,,
1543936,Brasileiro U17,https://media.api-sports.io/football/leagues/1128.png,https://media.api-sports.io/flags/br.svg,Brazil,2026-07-08,18:00,Flamengo RJ U17,https://media.api-sports.io/football/teams/24478.png,Vitoria U17,https://media.api-sports.io/football/teams/27733.png,,,NS,,
1543939,Brasileiro U17,https://media.api-sports.io/football/leagues/1128.png,https://media.api-sports.io/flags/br.svg,Brazil,2026-07-08,18:00,Sao Paulo U17,https://media.api-sports.io/football/teams/24487.png,RB Bragantino U17,https://media.api-sports.io/football/teams/24485.png,,,NS,,
1549966,Torneo Promocional Amateur,https://media.api-sports.io/football/leagues/1067.png,https://media.api-sports.io/flags/ar.svg,Argentina,2026-07-08,18:00,Ezeiza,https://media.api-sports.io/football/teams/23102.png,Control Orientado,https://media.api-sports.io/football/teams/27787.png,,,NS,,
1576747,Brasileiro U20 A,https://media.api-sports.io/football/leagues/740.png,https://media.api-sports.io/flags/br.svg,Brazil,2026-07-08,18:00,Athletico PR U20,https://media.api-sports.io/football/teams/12984.png,RB Bragantino U20,https://media.api-sports.io/football/teams/18345.png,,,NS,,
1576748,Brasileiro U20 A,https://media.api-sports.io/football/leagues/740.png,https://media.api-sports.io/flags/br.svg,Brazil,2026-07-08,18:00,Corinthians U20,https://media.api-sports.io/football/teams/12998.png,Palmeiras U20,https://media.api-sports.io/football/teams/12968.png,,,NS,,
1576749,Brasileiro U20 A,https://media.api-sports.io/football/leagues/740.png,https://media.api-sports.io/flags/br.svg,Brazil,2026-07-08,18:00,Cruzeiro U20,https://media.api-sports.io/football/teams/13000.png,Vasco da Gama U20,https://media.api-sports.io/football/teams/12979.png,,,NS,,
1576750,Brasileiro U20 A,https://media.api-sports.io/football/leagues/740.png,https://media.api-sports.io/flags/br.svg,Brazil,2026-07-08,18:00,Santos U20,https://media.api-sports.io/football/teams/13055.png,Botafogo U20,https://media.api-sports.io/football/teams/22875.png,,,NS,,
1582361,UEFA U19 Championship,https://media.api-sports.io/football/leagues/493.png,,World,2026-07-08,18:00,Ukraine U19,https://media.api-sports.io/football/teams/10352.png,Germany U19,https://media.api-sports.io/football/teams/10336.png,,,NS,,
1554813,Friendlies Clubs,https://media.api-sports.io/football/leagues/667.png,,World,2026-07-08,18:30,Montrose,https://media.api-sports.io/football/teams/4251.png,Inverurie Loco Works,https://media.api-sports.io/football/teams/7445.png,,,NS,,
1554814,Friendlies Clubs,https://media.api-sports.io/football/leagues/667.png,,World,2026-07-08,18:30,Newport City,https://media.api-sports.io/football/teams/20364.png,Newport County,https://media.api-sports.io/football/teams/1367.png,,,NS,,
1548792,Friendlies Clubs,https://media.api-sports.io/football/leagues/667.png,,World,2026-07-08,18:45,Brechin,https://media.api-sports.io/football/teams/1390.png,Dundee,https://media.api-sports.io/football/teams/253.png,,,NS,,
1544845,Canadian Championship,https://media.api-sports.io/football/leagues/259.png,https://media.api-sports.io/flags/ca.svg,Canada,2026-07-08,19:00,Saint-Laurent,https://media.api-sports.io/football/teams/23151.png,Forge,https://media.api-sports.io/football/teams/3830.png,,,NS,,
1545037,Cup,https://media.api-sports.io/football/leagues/822.png,https://media.api-sports.io/flags/ma.svg,Morocco,2026-07-08,19:00,FAR Rabat,https://media.api-sports.io/football/teams/969.png,Stade Marocain,https://media.api-sports.io/football/teams/15549.png,,,NS,,
1562887,Friendlies Clubs,https://media.api-sports.io/football/leagues/667.png,,World,2026-07-08,19:30,Lausanne,https://media.api-sports.io/football/teams/1014.png,Flamengo,https://media.api-sports.io/football/teams/127.png,,,NS,,
1493895,USL League One,https://media.api-sports.io/football/leagues/489.png,https://media.api-sports.io/flags/us.svg,USA,2026-07-08,20:00,Tormenta,https://media.api-sports.io/football/teams/4108.png,Portland Hearts of Pine,https://media.api-sports.io/football/teams/25486.png,,,NS,,
1526567,Liga Pro Serie B,https://media.api-sports.io/football/leagues/243.png,https://media.api-sports.io/flags/ec.svg,Ecuador,2026-07-08,20:00,El Nacional,https://media.api-sports.io/football/teams/1150.png,Cumbayá,https://media.api-sports.io/football/teams/16476.png,,,NS,,
1560835,Copa Venezuela,https://media.api-sports.io/football/leagues/1113.png,https://media.api-sports.io/flags/ve.svg,Venezuela,2026-07-08,20:00,Academia Anzoátegui,https://media.api-sports.io/football/teams/18806.png,Marítimo,https://media.api-sports.io/football/teams/21208.png,,,PST,,
1560836,Copa Venezuela,https://media.api-sports.io/football/leagues/1113.png,https://media.api-sports.io/flags/ve.svg,Venezuela,2026-07-08,20:00,Fundación Lara Deportiva,https://media.api-sports.io/football/teams/10091.png,Aragua FC,https://media.api-sports.io/football/teams/2817.png,,,PST,,
1560837,Copa Venezuela,https://media.api-sports.io/football/leagues/1113.png,https://media.api-sports.io/flags/ve.svg,Venezuela,2026-07-08,20:00,Caracas FC,https://media.api-sports.io/football/teams/2808.png,Yaracuyanos FC,https://media.api-sports.io/football/teams/2829.png,,,PST,,
1560838,Copa Venezuela,https://media.api-sports.io/football/leagues/1113.png,https://media.api-sports.io/flags/ve.svg,Venezuela,2026-07-08,20:00,Dinamo de Puerto La Cruz,https://media.api-sports.io/football/teams/2858.png,Bolívar,https://media.api-sports.io/football/teams/21231.png,,,PST,,
1560839,Copa Venezuela,https://media.api-sports.io/football/leagues/1113.png,https://media.api-sports.io/flags/ve.svg,Venezuela,2026-07-08,20:00,Real Frontera,https://media.api-sports.io/football/teams/2847.png,Atletico el Vigia FC,https://media.api-sports.io/football/teams/2832.png,,,PST,,
1560840,Copa Venezuela,https://media.api-sports.io/football/leagues/1113.png,https://media.api-sports.io/flags/ve.svg,Venezuela,2026-07-08,20:00,Mineros de Guyana,https://media.api-sports.io/football/teams/2824.png,Monagas SC,https://media.api-sports.io/football/teams/2811.png,,,PST,,
1560841,Copa Venezuela,https://media.api-sports.io/football/leagues/1113.png,https://media.api-sports.io/flags/ve.svg,Venezuela,2026-07-08,20:00,Petare FC,https://media.api-sports.io/football/teams/2853.png,Atletico Avila FC,https://media.api-sports.io/football/teams/27527.png,,,PST,,
1560842,Copa Venezuela,https://media.api-sports.io/football/leagues/1113.png,https://media.api-sports.io/flags/ve.svg,Venezuela,2026-07-08,20:00,Rayo Zuliano,https://media.api-sports.io/football/teams/16847.png,Deportivo Lara,https://media.api-sports.io/football/teams/2812.png,,,PST,,
1560843,Copa Venezuela,https://media.api-sports.io/football/leagues/1113.png,https://media.api-sports.io/flags/ve.svg,Venezuela,2026-07-08,20:00,Urena SC,https://media.api-sports.io/football/teams/2816.png,Trujillanos FC,https://media.api-sports.io/football/teams/2815.png,,,PST,,
1560844,Copa Venezuela,https://media.api-sports.io/football/leagues/1113.png,https://media.api-sports.io/flags/ve.svg,Venezuela,2026-07-08,20:00,Zamora FC,https://media.api-sports.io/football/teams/2806.png,Club Atletico Barinas,https://media.api-sports.io/football/teams/27528.png,,,PST,,
1567572,Friendlies Clubs,https://media.api-sports.io/football/leagues/667.png,,World,2026-07-08,20:00,Austin,https://media.api-sports.io/football/teams/16489.png,Sporting JAX,https://media.api-sports.io/football/teams/25959.png,,,NS,,
1525423,USL League Two,https://media.api-sports.io/football/leagues/256.png,https://media.api-sports.io/flags/us.svg,USA,2026-07-08,21:00,Delaware FC,https://media.api-sports.io/football/teams/25938.png,Eagle FC,https://media.api-sports.io/football/teams/27756.png,,,NS,,
1525282,USL League Two,https://media.api-sports.io/football/leagues/256.png,https://media.api-sports.io/flags/us.svg,USA,2026-07-08,22:00,Cleveland Force,https://media.api-sports.io/football/teams/18890.png,Steel City,https://media.api-sports.io/football/teams/23227.png,,,NS,,
1525283,USL League Two,https://media.api-sports.io/football/leagues/256.png,https://media.api-sports.io/flags/us.svg,USA,2026-07-08,22:00,North Carolina II,https://media.api-sports.io/football/teams/4067.png,Charlotte Eagles,https://media.api-sports.io/football/teams/4039.png,,,NS,,
1538366,Primera División,https://media.api-sports.io/football/leagues/344.png,https://media.api-sports.io/flags/bo.svg,Bolivia,2026-07-08,22:00,Real Oruro,https://media.api-sports.io/football/teams/20252.png,Universitario de Vinto,https://media.api-sports.io/football/teams/17762.png,,,NS,,
1525284,USL League Two,https://media.api-sports.io/football/leagues/256.png,https://media.api-sports.io/flags/us.svg,USA,2026-07-08,22:30,Bethesda SC,https://media.api-sports.io/football/teams/27513.png,Virginia Marauders,https://media.api-sports.io/football/teams/21293.png,,,NS,,
1542926,Copa Ecuador,https://media.api-sports.io/football/leagues/917.png,https://media.api-sports.io/flags/ec.svg,Ecuador,2026-07-08,22:30,Santo Domingo,https://media.api-sports.io/football/teams/13166.png,Independiente del Valle,https://media.api-sports.io/football/teams/1153.png,,,NS,,
1576776,Paraibano U20,https://media.api-sports.io/football/leagues/1120.png,https://media.api-sports.io/flags/br.svg,Brazil,2026-07-08,22:30,Treze U20,https://media.api-sports.io/football/teams/24050.png,Cruzeiro Itaporanga U20,https://media.api-sports.io/football/teams/24037.png,,,NS,,
1493571,USL Championship,https://media.api-sports.io/football/leagues/255.png,https://media.api-sports.io/flags/us.svg,USA,2026-07-08,23:00,Hartford Athletic,https://media.api-sports.io/football/teams/3995.png,Orange County SC,https://media.api-sports.io/football/teams/4007.png,,,NS,,
1493893,USL League One,https://media.api-sports.io/football/leagues/489.png,https://media.api-sports.io/flags/us.svg,USA,2026-07-08,23:00,Greenville Triumph,https://media.api-sports.io/football/teams/9026.png,Sarasota Paradise,https://media.api-sports.io/football/teams/21289.png,,,NS,,
1493894,USL League One,https://media.api-sports.io/football/leagues/489.png,https://media.api-sports.io/flags/us.svg,USA,2026-07-08,23:00,NY Cosmos,https://media.api-sports.io/football/teams/9033.png,Naples,https://media.api-sports.io/football/teams/25485.png,,,NS,,
1520767,Serie B,https://media.api-sports.io/football/leagues/72.png,https://media.api-sports.io/flags/br.svg,Brazil,2026-07-08,23:00,Ponte Preta,https://media.api-sports.io/football/teams/139.png,Criciuma,https://media.api-sports.io/football/teams/140.png,,,NS,,
1524498,USL League Two,https://media.api-sports.io/football/leagues/256.png,https://media.api-sports.io/flags/us.svg,USA,2026-07-08,23:00,Toledo Villa,https://media.api-sports.io/football/teams/16690.png,Northern Indiana,https://media.api-sports.io/football/teams/25945.png,,,NS,,
1525267,USL League Two,https://media.api-sports.io/football/leagues/256.png,https://media.api-sports.io/flags/us.svg,USA,2026-07-08,23:00,Kalamazoo FC,https://media.api-sports.io/football/teams/16680.png,Lansing City,https://media.api-sports.io/football/teams/18898.png,,,NS,,
1525287,USL League Two,https://media.api-sports.io/football/leagues/256.png,https://media.api-sports.io/flags/us.svg,USA,2026-07-08,23:00,Black Rock,https://media.api-sports.io/football/teams/4034.png,Boston Bolts,https://media.api-sports.io/football/teams/4035.png,,,NS,,
1525288,USL League Two,https://media.api-sports.io/football/leagues/256.png,https://media.api-sports.io/flags/us.svg,USA,2026-07-08,23:00,The Villages,https://media.api-sports.io/football/teams/4087.png,Inter Gainesville,https://media.api-sports.io/football/teams/23119.png,,,NS,,
1525289,USL League Two,https://media.api-sports.io/football/leagues/256.png,https://media.api-sports.io/flags/us.svg,USA,2026-07-08,23:00,Cedar Stars Rush,https://media.api-sports.io/football/teams/4038.png,Ironbound,https://media.api-sports.io/football/teams/21283.png,,,NS,,
1525290,USL League Two,https://media.api-sports.io/football/leagues/256.png,https://media.api-sports.io/flags/us.svg,USA,2026-07-08,23:00,Inter Miami II,https://media.api-sports.io/football/teams/10280.png,Weston,https://media.api-sports.io/football/teams/4101.png,,,NS,,
1525293,USL League Two,https://media.api-sports.io/football/leagues/256.png,https://media.api-sports.io/flags/us.svg,USA,2026-07-08,23:00,Lakeland United,https://media.api-sports.io/football/teams/27518.png,FC Miami City,https://media.api-sports.io/football/teams/4051.png,,,NS,,
1525296,USL League Two,https://media.api-sports.io/football/leagues/256.png,https://media.api-sports.io/flags/us.svg,USA,2026-07-08,23:00,Ocean City Nor'easters,https://media.api-sports.io/football/teams/4068.png,Lehigh Valley United,https://media.api-sports.io/football/teams/4060.png,,,NS,,
1525297,USL League Two,https://media.api-sports.io/football/leagues/256.png,https://media.api-sports.io/flags/us.svg,USA,2026-07-08,23:00,Patuxent,https://media.api-sports.io/football/teams/18907.png,Christos,https://media.api-sports.io/football/teams/9041.png,,,NS,,
1525298,USL League Two,https://media.api-sports.io/football/leagues/256.png,https://media.api-sports.io/flags/us.svg,USA,2026-07-08,23:00,Real Central New Jersey,https://media.api-sports.io/football/teams/16686.png,West Chester United,https://media.api-sports.io/football/teams/9037.png,,,NS,,
1525299,USL League Two,https://media.api-sports.io/football/leagues/256.png,https://media.api-sports.io/flags/us.svg,USA,2026-07-08,23:00,Reading United,https://media.api-sports.io/football/teams/4075.png,Lone Star II,https://media.api-sports.io/football/teams/16728.png,,,NS,,
1525302,USL League Two,https://media.api-sports.io/football/leagues/256.png,https://media.api-sports.io/flags/us.svg,USA,2026-07-08,23:00,North Carolina Fusion,https://media.api-sports.io/football/teams/4066.png,Tobacco Road,https://media.api-sports.io/football/teams/4089.png,,,NS,,
1525303,USL League Two,https://media.api-sports.io/football/leagues/256.png,https://media.api-sports.io/flags/us.svg,USA,2026-07-08,23:00,SC United Bantams,https://media.api-sports.io/football/teams/4076.png,Charlotte Independence 2,https://media.api-sports.io/football/teams/10096.png,,,NS,,
1525305,USL League Two,https://media.api-sports.io/football/leagues/256.png,https://media.api-sports.io/flags/us.svg,USA,2026-07-08,23:00,Wake,https://media.api-sports.io/football/teams/4097.png,Port City,https://media.api-sports.io/football/teams/26805.png,,,NS,,
1567352,Copa De La Liga,https://media.api-sports.io/football/leagues/1220.png,https://media.api-sports.io/flags/cl.svg,Chile,2026-07-08,23:00,Union La Calera,https://media.api-sports.io/football/teams/2326.png,Coquimbo Unido,https://media.api-sports.io/football/teams/2330.png,,,NS,,
1525277,USL League Two,https://media.api-sports.io/football/leagues/256.png,https://media.api-sports.io/flags/us.svg,USA,2026-07-08,23:30,Evergreen,https://media.api-sports.io/football/teams/4049.png,Lionsbridge,https://media.api-sports.io/football/teams/4061.png,,,NS,,
1525306,USL League Two,https://media.api-sports.io/football/leagues/256.png,https://media.api-sports.io/flags/us.svg,USA,2026-07-08,23:30,Apotheos,https://media.api-sports.io/football/teams/23216.png,Dothan United,https://media.api-sports.io/football/teams/23116.png,,,NS,,
1525307,USL League Two,https://media.api-sports.io/football/leagues/256.png,https://media.api-sports.io/flags/us.svg,USA,2026-07-08,23:30,Manhattan,https://media.api-sports.io/football/teams/4063.png,New Jersey Copa,https://media.api-sports.io/football/teams/9086.png,,,NS,,
1525308,USL League Two,https://media.api-sports.io/football/leagues/256.png,https://media.api-sports.io/flags/us.svg,USA,2026-07-08,23:30,Morris Elite,https://media.api-sports.io/football/teams/16682.png,Westchester Flames,https://media.api-sports.io/football/teams/4099.png,,,NS,,
1525310,USL League Two,https://media.api-sports.io/football/leagues/256.png,https://media.api-sports.io/flags/us.svg,USA,2026-07-08,23:30,Southern Soccer Academy,https://media.api-sports.io/football/teams/10103.png,East Atlanta,https://media.api-sports.io/football/teams/10097.png,,,NS,,
1525311,USL League Two,https://media.api-sports.io/football/leagues/256.png,https://media.api-sports.io/flags/us.svg,USA,2026-07-08,23:30,Virginia Beach City,https://media.api-sports.io/football/teams/13192.png,Annapolis Blues,https://media.api-sports.io/football/teams/23971.png,,,NS,,
