site,code,odd,rate,email,price,post_time,post_date,booking_code_id,slip_result_link,platform_logo_link,result
football,XA5D2A20,26.16,92,support@bettingtipsnet.com,free,19:51:37,2026-09-20,41838594,,,
sportybet:ng,KSJ74U,26.35,65,support@bettingtipsnet.com,free,19:51:37,2026-09-20,173393032,,0xFFFA0909,
fansport,X3YZ3,3695.72,80,support@bettingtipsnet.com,premium,19:51:37,2026-09-20,139344009,,,
paripesa:ng,KF9Z3,3695.41,80,support@bettingtipsnet.com,premium,19:51:37,2026-09-20,137937449,,0xFF05117E,
winwin,1RZZ3,3695.22,92,support@bettingtipsnet.com,premium,19:51:37,2026-09-20,105608574,,,
luckypari,J2ZZ3,3695.18,87,support@bettingtipsnet.com,premium,19:51:37,2026-09-20,6179006,,,
betjam,EH3V3,6,87,support@bettingtipsnet.com,free,19:51:37,2026-09-20,212693924,,,
helabet,6BXZ3,3.04,85,support@bettingtipsnet.com,free,19:51:37,2026-09-20,20111249,,,
betjam,3QBR3,2.73,87,support@bettingtipsnet.com,free,19:51:37,2026-09-20,33322855,,,
helabet,ZPN83,1.99,55,support@bettingtipsnet.com,free,19:51:37,2026-09-20,95376082,,,
betjam,ZEU63,20.68,55,support@bettingtipsnet.com,free,19:51:37,2026-09-20,303551710,,,
helabet,TRM83,3.45,92,support@bettingtipsnet.com,free,19:51:37,2026-09-20,211688800,,,
sportybet:ng,G3HC4Y,138331.59,75,support@bettingtipsnet.com,premium,19:51:37,2026-09-20,160398727,,0xFFFA0909,
msport:ng,B2KSHRK,177637.53,87,support@bettingtipsnet.com,premium,19:51:37,2026-09-20,34044110,,0xFFFFCA26,
fansport,GV8Y3,68.14,85,support@bettingtipsnet.com,free,19:51:37,2026-09-20,211573792,,,
paripesa:ng,KM9Y3,67.66,70,support@bettingtipsnet.com,free,19:51:37,2026-09-20,171125793,,0xFF05117E,
winwin,RSZY3,67.81,87,support@bettingtipsnet.com,free,19:51:37,2026-09-20,210149490,,,
luckypari,6CZY3,67.84,80,support@bettingtipsnet.com,free,19:51:37,2026-09-20,134775963,,,
1xbet:xx,E9GY3,5.41,92,support@bettingtipsnet.com,free,19:51:37,2026-09-20,164568284,,0xFF0982EC,
football,Xf825071,32.87,65,support@bettingtipsnet.com,free,19:51:37,2026-09-20,163112096,,,
sportybet:ng,MU34K7,33.09,85,support@bettingtipsnet.com,free,19:51:37,2026-09-20,237055801,,0xFFFA0909,
msport:ng,B2KPWER,16.71,80,support@bettingtipsnet.com,free,19:51:37,2026-09-20,200430402,,0xFFFFCA26,
sportybet:ng,M0JWR0,16.92,80,support@bettingtipsnet.com,free,19:51:37,2026-09-20,112619768,,0xFFFA0909,
db_bet:ng,A43N3,1.72,85,support@bettingtipsnet.com,free,19:51:37,2026-09-20,149431574,,0xFFFF5275,
megapari,5QCX3,2.3,75,support@bettingtipsnet.com,free,19:51:37,2026-09-20,301250190,,0xFF383838,
db_bet:ng,XCQR3,22.19,85,support@bettingtipsnet.com,free,19:51:37,2026-09-20,11820286,,0xFFFF5275,
1xbet:xx,VEQ73,21.94,80,support@bettingtipsnet.com,free,19:51:37,2026-09-20,251828052,,0xFF0982EC,
sportybet:ng,SER8ZS,1776884.39,80,support@bettingtipsnet.com,premium,19:51:37,2026-09-20,26147412,,0xFFFA0909,
1xbet:xx,PKQ63,9.12,87,support@bettingtipsnet.com,free,19:51:37,2026-09-20,284554307,,0xFF0982EC,
sportybet:ke,4HNK44,1057.47,92,support@bettingtipsnet.com,premium,19:51:37,2026-09-20,15023215,,0xFFFA0909,
1xbet:xx,4PER3,2.73,65,support@bettingtipsnet.com,free,19:51:37,2026-09-20,283345715,,0xFF0982EC,
1xbet:xx,HERT3,20.91,92,support@bettingtipsnet.com,free,19:51:37,2026-09-20,152221659,,0xFF0982EC,
sportybet:ng,QKX519,214.18,87,support@bettingtipsnet.com,free,19:51:37,2026-09-20,88848476,,0xFFFA0909,
betika:tz,mU4B4,1.57,80,support@bettingtipsnet.com,free,19:51:37,2026-09-20,246540365,,,
football,XFCD3A1F,6.01,65,support@bettingtipsnet.com,free,19:51:37,2026-09-20,149274732,,,
sportybet:ng,VNW9XU,5.63,87,support@bettingtipsnet.com,free,19:51:37,2026-09-20,317545668,,0xFFFA0909,
betjam,81JS3,68.24,85,support@bettingtipsnet.com,free,19:51:37,2026-09-20,134076670,,,
1xbet:xx,M3KS3,68.11,87,support@bettingtipsnet.com,free,19:51:37,2026-09-20,303846173,,0xFF0982EC,
22bet,SH7R3,21.32,80,support@bettingtipsnet.com,free,19:51:37,2026-09-20,123398974,,0xFF064146,
1xbet:ke,MDR63,11.12,80,support@bettingtipsnet.com,free,19:51:37,2026-09-20,99917134,,0xFF0982EC,
betjam,7XS63,10.84,80,support@bettingtipsnet.com,free,19:51:37,2026-09-20,94727908,,,
football,X8AC1877,26.35,87,support@bettingtipsnet.com,free,19:51:37,2026-09-20,133985500,,,
sportybet:ng,N6WHVB,2.25,80,support@bettingtipsnet.com,free,19:51:37,2026-09-20,216886645,,0xFFFA0909,
betika:ke,eRrBn2,2.16,70,support@bettingtipsnet.com,free,19:51:37,2026-09-20,61244832,,,
sportybet:gh,FUU97Q,10.71,92,support@bettingtipsnet.com,free,19:51:37,2026-09-20,86699781,,0xFFFA0909,
betika:gh,KaU2TU,3.28,55,support@bettingtipsnet.com,free,19:51:37,2026-09-20,279978595,,,
sportybet:gh,amwh96,6.76,80,support@bettingtipsnet.com,free,19:51:37,2026-09-20,30462857,,0xFFFA0909,
betika:gh,JLppGT,1.73,87,support@bettingtipsnet.com,free,19:51:37,2026-09-20,240685154,,,
1xbet:xx,BVDQ3,137.24,55,support@bettingtipsnet.com,free,19:51:37,2026-09-20,141509351,,0xFF0982EC,
helabet,B16Q3,132.27,65,support@bettingtipsnet.com,free,19:51:37,2026-09-20,64163746,,,
1xbet:ke,NLQ53,8.94,92,support@bettingtipsnet.com,free,19:51:37,2026-09-20,219752086,,0xFF0982EC,
betjam,21GQ3,8.07,92,support@bettingtipsnet.com,free,19:51:37,2026-09-20,220662791,,,
msport:ng,B2KAGWG,2.99,80,support@bettingtipsnet.com,free,19:51:37,2026-09-20,175010865,,0xFFFFCA26,
sportybet:ng,XAKL81,2.21,87,support@bettingtipsnet.com,free,19:51:37,2026-09-20,248355327,,0xFFFA0909,
msport:ng,B2JQLCA,1137661.54,85,support@bettingtipsnet.com,premium,19:51:37,2026-09-20,108242317,,0xFFFFCA26,
sportybet:gh,8WWB7Z,77.71,85,support@bettingtipsnet.com,free,19:51:37,2026-09-20,224120317,,0xFFFA0909,
paripesa:ng,F3N4F,21.96,85,support@bettingtipsnet.com,free,19:51:37,2026-09-20,53849716,,0xFF05117E,
1xbet:ng,KT7MF,22.34,70,support@bettingtipsnet.com,free,19:51:37,2026-09-20,19554560,,0xFF0982EC,
football,XE31B3FC,31.94,65,support@bettingtipsnet.com,free,19:51:37,2026-09-20,121365151,,,
sportybet:ng,XZU6W9,32.25,92,support@bettingtipsnet.com,free,19:51:37,2026-09-20,327527009,,0xFFFA0909,
helabet,4SR53,8.63,55,support@bettingtipsnet.com,free,19:51:37,2026-09-20,50106518,,,
sportybet:gh,EV7HJ5,46177.22,92,support@bettingtipsnet.com,premium,19:51:37,2026-09-20,126088380,,0xFFFA0909,
football,EUUFRQ,26728.47,92,support@bettingtipsnet.com,premium,19:51:37,2026-09-20,72151021,,,
sportybet:ng,XB6D0D63,243559.48,87,support@bettingtipsnet.com,premium,19:51:37,2026-09-20,326893410,,0xFFFA0909,
football,A6K4VW,197196.43,92,support@bettingtipsnet.com,premium,19:51:37,2026-09-20,244848595,,,
db_bet:ng,9fmk3,11.31,65,support@bettingtipsnet.com,free,19:51:37,2026-09-20,103908225,,0xFFFF5275,
1xbet:xx,JFZM3,11.59,80,support@bettingtipsnet.com,free,19:51:37,2026-09-20,83343584,,0xFF0982EC,
megapari,8JE4D,9.29,85,support@bettingtipsnet.com,free,19:51:37,2026-09-20,170503920,,0xFF383838,
1xbet:ng,VFD43,9.34,92,support@bettingtipsnet.com,free,19:51:37,2026-09-20,230585336,,0xFF0982EC,
msport:ng,B2JZJVE,39730.57,92,support@bettingtipsnet.com,premium,19:51:37,2026-09-20,15108505,,0xFFFFCA26,
football,X155EA7B,214.19,80,support@bettingtipsnet.com,free,19:51:37,2026-09-20,300041813,,,
1xbet:xx,7XNJ3,6.4,85,support@bettingtipsnet.com,free,19:51:37,2026-09-20,51308060,,0xFF0982EC,
melbet,5NQJ3,6.43,80,support@bettingtipsnet.com,free,19:51:37,2026-09-20,184954261,,0xFF151515,
betjam,Z9JJ3,391.7,92,support@bettingtipsnet.com,free,19:51:37,2026-09-20,310945029,,,
db_bet:ng,7GKJ3,390.91,55,support@bettingtipsnet.com,free,19:51:37,2026-09-20,204075507,,0xFFFF5275,
football,X8513003,33.57,70,support@bettingtipsnet.com,free,19:51:37,2026-09-20,159868635,,,
sportybet:ng,TY4W55,33.99,75,support@bettingtipsnet.com,free,19:51:37,2026-09-20,48357924,,0xFFFA0909,
paripesa:ng,XME33,15.39,80,support@bettingtipsnet.com,free,19:51:37,2026-09-20,16477982,,0xFF05117E,
1xbet:xx,NV3J3,16.18,75,support@bettingtipsnet.com,free,19:51:37,2026-09-20,272858902,,0xFF0982EC,
paripesa:ng,GABHF,22.94,55,support@bettingtipsnet.com,free,19:51:37,2026-09-20,3804444,,0xFF05117E,
1xbet:xx,3QEJ3,24.92,92,support@bettingtipsnet.com,free,19:51:37,2026-09-20,108644651,,0xFF0982EC,
sportybet:ng,M5F8AX,20.71,80,support@bettingtipsnet.com,free,19:51:37,2026-09-20,313193785,,0xFFFA0909,
sportybet:ng,Q6VB9K,20.54,85,support@bettingtipsnet.com,free,19:51:37,2026-09-20,188306079,,0xFFFA0909,
1xbet:ng,Y6xh3,2970.28,55,support@bettingtipsnet.com,premium,19:51:37,2026-09-20,88072409,,0xFF0982EC,
paripulse:ng,M99H3,2969.82,65,support@bettingtipsnet.com,premium,19:51:37,2026-09-20,84240264,,,
sportybet:ng,M5F8AK,243560.03,87,support@bettingtipsnet.com,premium,19:51:37,2026-09-20,206386846,,0xFFFA0909,
22bet,TDYH3,15.82,87,support@bettingtipsnet.com,free,19:51:37,2026-09-20,77522053,,0xFF064146,
paripesa:ng,8TMH3,15.63,75,support@bettingtipsnet.com,free,19:51:37,2026-09-20,21998236,,0xFF05117E,
1xbet:ke,6LNH3,15.71,80,support@bettingtipsnet.com,free,19:51:37,2026-09-20,169545712,,0xFF0982EC,
paripesa:ng,5END3,9.27,92,support@bettingtipsnet.com,free,19:51:37,2026-09-20,9122107,,0xFF05117E,
1xbet:xx,ZZJH3,9.96,85,support@bettingtipsnet.com,free,19:51:37,2026-09-20,203186338,,0xFF0982EC,
helabet,D656e,31.96,65,support@bettingtipsnet.com,free,19:51:37,2026-09-20,157833189,,,
paripesa:ng,A9GH3,32.27,55,support@bettingtipsnet.com,free,19:51:37,2026-09-20,116506185,,0xFF05117E,
megapari,Z4EH3,32.51,92,support@bettingtipsnet.com,free,19:51:37,2026-09-20,289800572,,0xFF383838,
paripesa:ng,Czxqe,2.75,80,support@bettingtipsnet.com,free,19:51:37,2026-09-20,11016618,,0xFF05117E,
megapari,N2TG3,3,65,support@bettingtipsnet.com,free,19:51:37,2026-09-20,191002733,,0xFF383838,
1xbet:xx,5MHAF,37.73,55,support@bettingtipsnet.com,free,19:51:37,2026-09-20,136465234,,0xFF0982EC,
melbet,6EGG3,37.08,70,support@bettingtipsnet.com,free,19:51:37,2026-09-20,323396270,,0xFF151515,
paripesa:ng,NLA6F,2.28,70,support@bettingtipsnet.com,free,19:51:37,2026-09-20,282435803,,0xFF05117E,
1xbet:xx,NJ933,1.93,80,support@bettingtipsnet.com,free,19:51:37,2026-09-20,331104008,,0xFF0982EC,
paripesa:ng,DA833,5.53,87,support@bettingtipsnet.com,free,19:51:37,2026-09-20,105705127,,0xFF05117E,
luckypari,U8Z33,5.9,85,support@bettingtipsnet.com,free,19:51:37,2026-09-20,7274281,,,
fansport,YEZ33,5.96,70,support@bettingtipsnet.com,free,19:51:37,2026-09-20,4372987,,,
winwin,HMY33,5.5,80,support@bettingtipsnet.com,free,19:51:37,2026-09-20,201913294,,,
paripesa:ng,STKAF,3.97,87,support@bettingtipsnet.com,free,19:51:37,2026-09-20,136297686,,0xFF05117E,
1xbet:xx,JX833,3.89,85,support@bettingtipsnet.com,free,19:51:37,2026-09-20,35277095,,0xFF0982EC,
paripesa:ng,YRL9E,5.96,92,support@bettingtipsnet.com,free,19:51:37,2026-09-20,232868314,,0xFF05117E,
1xbet:xx,JK733,5.68,70,support@bettingtipsnet.com,free,19:51:37,2026-09-20,164216155,,0xFF0982EC,
sportybet:gh,FCHGB4,6.54,85,support@bettingtipsnet.com,free,19:51:37,2026-09-20,117834689,,0xFFFA0909,
msport:ng,B2JR8EF,5.92,92,support@bettingtipsnet.com,free,19:51:37,2026-09-20,282636352,,0xFFFFCA26,
football,X6DC1662,47.51,85,support@bettingtipsnet.com,free,19:51:37,2026-09-20,94008260,,,
sportybet:ng,KL76XP,47.46,80,support@bettingtipsnet.com,free,19:51:37,2026-09-20,195964428,,0xFFFA0909,
22bet,4K58E,4.48,92,support@bettingtipsnet.com,free,19:51:37,2026-09-20,38910557,,0xFF064146,
1xbet:xx,JLKF3,4.39,75,support@bettingtipsnet.com,free,19:51:37,2026-09-20,116850998,,0xFF0982EC,
22bet,ZG6BF,29.11,55,support@bettingtipsnet.com,free,19:51:37,2026-09-20,220194588,,0xFF064146,
1xbet:ng,6E3F3,28.82,87,support@bettingtipsnet.com,free,19:51:37,2026-09-20,43153362,,0xFF0982EC,
betjam,Z3QD3,773.09,80,support@bettingtipsnet.com,free,19:51:37,2026-09-20,242675603,,,
helabet,9JUE3,773.51,85,support@bettingtipsnet.com,free,19:51:37,2026-09-20,300173126,,,
paripesa:ng,5971F,7.78,87,support@bettingtipsnet.com,free,19:51:37,2026-09-20,221080459,,0xFF05117E,
1xbet:ng,L7SE3,7.84,65,support@bettingtipsnet.com,free,19:51:37,2026-09-20,269230935,,0xFF0982EC,
betjam,19Y23,3926.83,87,support@bettingtipsnet.com,premium,19:51:37,2026-09-20,55656867,,,
helabet,ZQRE3,3926.73,65,support@bettingtipsnet.com,premium,19:51:37,2026-09-20,190653014,,,
football,VG58CE,50.75,85,support@bettingtipsnet.com,free,19:51:37,2026-09-20,320661825,,,
helabet,21rb3,10944.11,55,support@bettingtipsnet.com,premium,19:51:37,2026-09-20,332998868,,,
1xbet:ng,PXNE3,11569.45,80,support@bettingtipsnet.com,premium,19:51:37,2026-09-20,112653341,,0xFF0982EC,
betjam,G978F,119.65,80,support@bettingtipsnet.com,free,19:51:37,2026-09-20,163238221,,,
1xbet:xx,NVNE3,119.95,92,support@bettingtipsnet.com,free,19:51:37,2026-09-20,133431000,,0xFF0982EC,
winwin,9RUYF,3.88,87,support@bettingtipsnet.com,free,19:51:37,2026-09-20,281831943,,,
1xbet:ng,FB4E3,3.89,70,support@bettingtipsnet.com,free,19:51:37,2026-09-20,150237122,,0xFF0982EC,
