fixture_id,league,league_logo,league_country,date,match_time,match_datetime,home_team,home_logo,away_team,away_logo,home_score,away_score,status,elapsed,extra,prediction,odd,source
1532759,League Two,https://media.api-sports.io/football/leagues/929.png,China,2026-07-08,,2026-07-08 08:00:00+00:00,Xi'an Ronghai,https://media.api-sports.io/football/teams/20674.png,Dalian Kewei,https://media.api-sports.io/football/teams/27620.png,0,0,NS,,,AWAY DC,2.36,pro_tips
1546631,Friendlies Clubs,https://media.api-sports.io/football/leagues/667.png,World,2026-07-08,,2026-07-08 16:00:00+00:00,Austria Vienna,https://media.api-sports.io/football/teams/601.png,Dunajska Streda,https://media.api-sports.io/football/teams/2257.png,0,0,NS,,,HOME DC,1.86,pro_tips
1554363,UEFA Champions League,https://media.api-sports.io/football/leagues/2.png,World,2026-07-08,,2026-07-08 16:00:00+00:00,Flora Tallinn,https://media.api-sports.io/football/teams/687.png,Saburtalo,https://media.api-sports.io/football/teams/3502.png,0,0,NS,,,AWAY DC,2.26,pro_tips
1554414,UEFA Europa Conference League,https://media.api-sports.io/football/leagues/848.png,World,2026-07-08,,2026-07-08 16:00:00+00:00,Zira,https://media.api-sports.io/football/teams/648.png,Torpedo Kutaisi,https://media.api-sports.io/football/teams/685.png,0,0,NS,,,HOME DC,1.67,pro_tips
1554778,Friendlies Clubs,https://media.api-sports.io/football/leagues/667.png,World,2026-07-08,,2026-07-08 16:00:00+00:00,Raków Częstochowa,https://media.api-sports.io/football/teams/3491.png,Olympiakos Piraeus,https://media.api-sports.io/football/teams/553.png,0,0,NS,,,HOME DC,1.62,pro_tips
1546632,Friendlies Clubs,https://media.api-sports.io/football/leagues/667.png,World,2026-07-08,,2026-07-08 17:00:00+00:00,Kornburg,https://media.api-sports.io/football/teams/19759.png,1. FC Nürnberg,https://media.api-sports.io/football/teams/171.png,0,0,NS,,,AWAY DC,1.01,pro_tips
1546633,Friendlies Clubs,https://media.api-sports.io/football/leagues/667.png,World,2026-07-08,,2026-07-08 17:00:00+00:00,NAC Breda,https://media.api-sports.io/football/teams/203.png,FC Eindhoven,https://media.api-sports.io/football/teams/422.png,0,0,NS,,,HOME DC,1.62,pro_tips
1550541,Friendlies Clubs,https://media.api-sports.io/football/leagues/667.png,World,2026-07-08,,2026-07-08 17:00:00+00:00,GO Ahead Eagles,https://media.api-sports.io/football/teams/410.png,Almere City FC,https://media.api-sports.io/football/teams/419.png,0,0,NS,,,HOME DC,1.53,pro_tips
1554369,UEFA Champions League,https://media.api-sports.io/football/leagues/2.png,World,2026-07-08,,2026-07-08 17:00:00+00:00,ML Vitebsk,https://media.api-sports.io/football/teams/7808.png,Universitatea Craiova,https://media.api-sports.io/football/teams/632.png,0,0,NS,,,AWAY DC,1.86,pro_tips
1554370,UEFA Champions League,https://media.api-sports.io/football/leagues/2.png,World,2026-07-08,,2026-07-08 17:00:00+00:00,Petrocub,https://media.api-sports.io/football/teams/2271.png,Egnatia Rrogozhinë,https://media.api-sports.io/football/teams/3327.png,0,0,NS,,,HOME DC,2.06,pro_tips
1554393,UEFA Europa Conference League,https://media.api-sports.io/football/leagues/848.png,World,2026-07-08,,2026-07-08 17:30:00+00:00,GAP Connah S Quay FC,https://media.api-sports.io/football/teams/357.png,Ballkani,https://media.api-sports.io/football/teams/12733.png,0,0,NS,,,AWAY DC,1.28,pro_tips
