League,Fixtures,Tip,Odd,Match Time,Score,Date,Match Date,Result,Code,Source
World: Friendlies Clubs,Raków Częstochowa vs Olympiakos Piraeus,HOME DC,1.62,16:00,?:?,2026-07-08,2026-07-08,?,nbkogpcb145670225,pro_tips
World: UEFA Champions League,Flora Tallinn vs Saburtalo,AWAY DC,2.26,16:00,?:?,2026-07-08,2026-07-08,?,lliuyudc163088065,pro_tips
World: UEFA Champions League,ML Vitebsk vs Universitatea Craiova,AWAY DC,1.86,17:00,?:?,2026-07-08,2026-07-08,?,xdozoayx239798639,pro_tips
World: Friendlies Clubs,NAC Breda vs FC Eindhoven,HOME DC,1.62,17:00,?:?,2026-07-08,2026-07-08,?,moltgrps94739369,pro_tips
World: Friendlies Clubs,Kornburg vs 1. FC Nürnberg,AWAY DC,1.01,17:00,?:?,2026-07-08,2026-07-08,?,larazlxz218494122,pro_tips
World: UEFA Europa Conference League,Zira vs Torpedo Kutaisi,HOME DC,1.67,16:00,?:?,2026-07-08,2026-07-08,?,mxgilmda232749011,pro_tips
USA: USL League Two,Eagle FC vs West Chester United,AWAY DC,1.38,5.07.2620:00,?:?,2026-07-08,2026-07-08,?,vgixwjiu116384057,pro_tips
World: Friendlies Clubs,GO Ahead Eagles vs Almere City FC,HOME DC,1.53,17:00,?:?,2026-07-08,2026-07-08,?,uajnepcw142914906,pro_tips
World: UEFA Europa Conference League,GAP Connah S Quay FC vs Ballkani,AWAY DC,1.28,17:30,?:?,2026-07-08,2026-07-08,?,namokfoz320789658,pro_tips
World: UEFA Champions League,Petrocub vs Egnatia Rrogozhinë,HOME DC,2.06,17:00,?:?,2026-07-08,2026-07-08,?,mlcknuta137337028,pro_tips
China: League Two,Xi'an Ronghai vs Dalian Kewei,AWAY DC,2.36,08:00,?:?,2026-07-08,2026-07-08,?,xakcqtjg234885544,pro_tips
World: Friendlies Clubs,Austria Vienna vs Dunajska Streda,HOME DC,1.86,16:00,?:?,2026-07-08,2026-07-08,?,iapqvild240386709,pro_tips
